#,pm1,pm2.5,pm10,Temperature,Humidity,Co,Co2,DateTme 
1,19,28,30,22.9,40.3,0,0,2021-10-31 13:00:31
2,21,31,35,22.9,41.2,0,0,2021-10-31 12:00:18
3,21,31,35,22.8,40.7,0,0,2021-10-31 11:00:07
4,23,35,41,22.6,40.7,0,0,2021-10-31 10:00:26
5,23,34,40,22,40.8,0,0,2021-10-31 09:00:15
6,23,34,40,21.4,41.9,0,0,2021-10-31 08:00:04
7,22,32,36,21,42.1,0,0,2021-10-31 07:00:25
8,21,30,33,21,42.2,0,0,2021-10-31 06:00:15
9,21,30,33,21.1,42.1,0,0,2021-10-31 05:00:05
10,20,28,31,21.3,41.8,0,0,2021-10-31 04:00:09
11,19,27,29,21.5,41.2,0,0,2021-10-31 03:00:30
12,17,22,23,21.6,40.1,0,0,2021-10-31 02:00:21
13,16,21,23,21.7,39.7,0,0,2021-10-31 01:00:15
14,16,21,23,21.9,39.2,0,0,2021-10-31 00:00:27
15,15,20,22,22,38.8,0,0,2021-10-30 23:00:19
16,16,21,23,22.1,38.4,0,0,2021-10-30 22:00:08
17,15,20,21,22.1,37.8,0,0,2021-10-30 21:00:30
18,14,18,19,22.2,37.4,0,0,2021-10-30 20:00:20
19,11,14,15,22.3,36.6,0,0,2021-10-30 19:00:10
20,10,13,14,22.3,36.2,0,0,2021-10-30 18:00:30
21,8,11,12,22.4,35.6,0,0,2021-10-30 17:00:20
22,7,9,10,22.6,34.7,0,0,2021-10-30 16:00:09
23,7,9,9,22.6,35.1,0,0,2021-10-30 15:00:33
24,7,8,9,22.4,35.2,0,0,2021-10-30 14:00:22
25,6,8,8,22.4,34.9,0,0,2021-10-30 13:00:12
26,6,7,7,22.5,34.7,0,0,2021-10-30 12:00:33
27,5,6,6,22.4,34.6,0,0,2021-10-30 11:00:24
28,4,6,6,22,34.6,0,0,2021-10-30 10:00:12
29,4,6,6,21.8,34.7,0,0,2021-10-30 09:00:32
30,5,6,6,21.7,35.1,0,0,2021-10-30 08:00:23
31,5,6,7,21.7,35,0,0,2021-10-30 07:00:12
32,5,6,7,21.8,35.2,0,0,2021-10-30 06:00:03
33,5,7,7,21.9,35.2,0,0,2021-10-30 05:00:24
34,6,7,8,21.9,35.2,0,0,2021-10-30 04:00:13
35,6,8,9,22,35,0,0,2021-10-30 03:00:03
36,6,8,9,22.2,34.8,0,0,2021-10-30 02:00:25
37,7,8,9,22.4,34.8,0,0,2021-10-30 01:00:11
38,7,9,10,22.5,35,0,0,2021-10-30 00:00:26
39,9,11,12,22.7,35.5,0,0,2021-10-29 23:00:14
40,9,11,13,22.8,35.5,0,0,2021-10-29 22:00:19
41,10,12,13,22.9,35.6,0,0,2021-10-29 21:00:28
42,8,11,12,23,35.2,0,0,2021-10-29 20:00:13
43,7,9,11,23.1,34.7,0,0,2021-10-29 19:00:27
44,7,9,10,23.1,34.3,0,0,2021-10-29 18:00:09
45,7,9,10,23.1,33.5,0,0,2021-10-29 17:00:17
46,7,9,10,23.2,31.8,0,0,2021-10-29 16:00:33
47,6,8,9,23.9,29.6,0,0,2021-10-29 15:00:12
48,6,7,8,25,29.2,0,0,2021-10-29 14:40:11
49,10,14,15,27.8,54.3,0,0,2021-09-30 11:00:22
50,11,16,17,26,58.3,0,0,2021-09-30 10:00:19
51,9,14,14,25.2,57.7,0,0,2021-09-30 09:00:13
52,8,12,13,25.3,56.7,0,0,2021-09-30 08:00:09
53,6,8,9,26.5,54.5,0,0,2021-09-30 07:00:04
54,5,6,6,26.6,55,0,0,2021-09-30 06:00:21
55,5,6,6,26.7,55.4,0,0,2021-09-30 05:00:33
56,5,6,7,26.8,55.6,0,0,2021-09-30 04:00:05
57,5,6,7,26.8,55.8,0,0,2021-09-30 03:00:13
58,6,7,8,26.9,56.1,0,0,2021-09-30 02:00:20
59,6,7,8,26.9,56.4,0,0,2021-09-30 01:00:02
60,6,8,9,27,56.7,0,0,2021-09-30 00:00:13
61,7,8,9,27,56.9,0,0,2021-09-29 23:00:22
62,6,8,9,27,56.8,0,0,2021-09-29 22:00:01
63,6,7,8,27.1,56.9,0,0,2021-09-29 21:00:21
64,6,7,8,27,57.1,0,0,2021-09-29 20:00:27
65,5,6,7,27,57.4,0,0,2021-09-29 19:00:07
66,4,5,6,27,58.3,0,0,2021-09-29 18:00:15
67,2,3,3,26.6,59.4,0,0,2021-09-29 17:00:04
68,2,3,3,27.2,58.3,0,0,2021-09-29 16:00:26
69,4,4,5,28.1,54.5,0,0,2021-09-29 15:00:14
70,6,7,8,27.9,58.5,0,0,2021-09-29 14:00:22
71,2,2,3,27.6,59.2,0,0,2021-09-29 13:00:12
72,2,3,4,28.5,56.7,0,0,2021-09-29 12:00:06
73,0,0,0,29.1,56.1,0,0,2021-09-29 11:00:32
74,1,2,2,28.5,58.8,0,0,2021-09-29 10:00:20
75,8,11,12,28.1,62,0,0,2021-09-29 09:00:20
76,14,21,22,27.6,62.6,0,0,2021-09-29 08:00:14
77,13,18,19,27.5,57.7,0,0,2021-09-29 07:00:07
78,10,13,14,27.5,55.4,0,0,2021-09-29 06:00:23
79,9,11,12,27.5,55.1,0,0,2021-09-29 05:00:06
80,8,10,11,27.5,54.5,0,0,2021-09-29 04:00:14
81,8,9,10,27.6,54.1,0,0,2021-09-29 03:00:06
82,7,8,9,27.6,53.9,0,0,2021-09-29 02:00:15
83,6,7,8,27.6,53.5,0,0,2021-09-29 01:00:24
84,6,7,7,27.7,53,0,0,2021-09-29 00:00:31
85,5,6,6,27.7,52.4,0,0,2021-09-28 23:00:10
86,4,5,5,27.8,51.2,0,0,2021-09-28 22:00:21
87,3,4,4,27.9,50,0,0,2021-09-28 21:00:33
88,3,4,4,27.9,49.1,0,0,2021-09-28 20:00:14
89,3,3,4,28,48.2,0,0,2021-09-28 19:00:25
90,2,3,3,28.1,46.6,0,0,2021-09-28 18:00:04
91,3,4,4,28.3,45,0,0,2021-09-28 17:00:15
92,3,4,5,28.6,44.3,0,0,2021-09-28 16:00:07
93,4,6,7,28.7,44.5,0,0,2021-09-28 15:00:25
94,4,5,6,28.2,44.2,0,0,2021-09-28 14:00:20
95,3,4,5,27.8,44.4,0,0,2021-09-28 13:17:33
96,5,6,6,26,54.5,0,0,2021-09-28 09:16:09
97,7,9,9,27.5,41,0,0,2021-09-23 13:00:29
98,6,7,8,27.4,40.2,0,0,2021-09-23 12:00:26
99,6,8,8,27.4,40.7,0,0,2021-09-23 11:00:32
100,5,6,7,27.4,40.7,0,0,2021-09-23 10:00:30
101,3,4,5,27.2,40.6,0,0,2021-09-23 09:00:25
102,4,4,5,26.9,41.6,0,0,2021-09-23 08:00:25
103,6,7,8,26.8,45.9,0,0,2021-09-23 07:00:24
104,8,9,10,26.7,49.1,0,0,2021-09-23 06:00:10
105,8,10,11,26.7,49.8,0,0,2021-09-23 05:00:21
106,8,10,10,26.6,48.5,0,0,2021-09-23 04:00:33
107,7,9,10,26.8,47,0,0,2021-09-23 03:00:14
108,6,8,8,26.8,46.8,0,0,2021-09-23 02:00:25
109,6,8,9,26.8,46.6,0,0,2021-09-23 01:00:06
110,6,8,8,27,45.8,0,0,2021-09-23 00:00:19
111,5,7,7,27.1,46.1,0,0,2021-09-22 23:00:24
112,5,6,7,27.2,46.2,0,0,2021-09-22 22:00:29
113,5,7,7,27.2,48,0,0,2021-09-22 21:00:10
114,5,6,6,27.3,47.5,0,0,2021-09-22 20:00:18
115,4,4,5,27.5,46.7,0,0,2021-09-22 19:00:23
116,3,3,4,27.7,45.3,0,0,2021-09-22 18:00:06
117,2,2,2,27.7,43.8,0,0,2021-09-22 17:00:19
118,1,1,2,27.8,42.5,0,0,2021-09-22 16:00:30
119,2,3,3,27.8,45.5,0,0,2021-09-22 15:00:12
120,3,3,3,27.9,46.9,0,0,2021-09-22 14:00:01
121,3,3,4,27.8,47.4,0,0,2021-09-22 13:00:09
122,3,3,4,27.7,49.6,0,0,2021-09-22 12:00:13
123,4,5,6,27.7,54.5,0,0,2021-09-22 11:00:23
124,6,7,8,27.6,54.9,0,0,2021-09-22 10:00:32
125,9,12,14,27.5,56.5,0,0,2021-09-22 09:00:08
126,11,15,16,27.3,57,0,0,2021-09-22 08:00:26
127,8,11,12,27.2,55.8,0,0,2021-09-22 07:00:10
128,6,8,8,27.1,54.9,0,0,2021-09-22 06:00:18
129,4,5,6,27.1,54.3,0,0,2021-09-22 05:00:23
130,4,5,5,26.7,54.6,0,0,2021-09-22 04:00:06
131,3,4,4,26.9,53.8,0,0,2021-09-22 03:00:20
132,2,3,3,26.7,53.7,0,0,2021-09-22 02:00:31
133,2,2,2,26.9,53.5,0,0,2021-09-22 01:00:09
134,2,2,3,27.2,52.9,0,0,2021-09-22 00:00:15
135,5,6,7,27.6,50.7,0,0,2021-09-21 23:00:23
136,9,12,13,27.9,54.1,0,0,2021-09-21 22:00:28
137,10,13,14,27.9,56,0,0,2021-09-21 21:00:03
138,9,11,12,28,55.4,0,0,2021-09-21 20:00:15
139,8,10,11,28.1,55.1,0,0,2021-09-21 19:00:30
140,9,11,12,28.3,55.1,0,0,2021-09-21 18:00:11
141,9,12,12,28.3,54.7,0,0,2021-09-21 17:00:22
142,9,12,13,28.4,54.1,0,0,2021-09-21 16:00:06
143,10,12,13,28.3,54.2,0,0,2021-09-21 15:00:22
144,9,12,12,28.3,55.1,0,0,2021-09-21 14:00:04
145,11,14,16,28.1,57.6,0,0,2021-09-21 13:00:15
146,13,17,18,27.9,58.9,0,0,2021-09-21 12:00:27
147,13,17,18,27.5,60.8,0,0,2021-09-21 11:00:22
148,10,12,13,27.4,60.8,0,0,2021-09-21 10:00:28
149,7,9,9,27.3,60.2,0,0,2021-09-21 09:00:08
150,5,6,7,27.5,60,0,0,2021-09-21 08:00:21
151,4,5,5,27.4,60.9,0,0,2021-09-21 07:00:06
152,7,8,9,27.3,61,0,0,2021-09-21 06:00:16
153,14,19,20,27.6,59.2,0,0,2021-09-21 05:00:25
154,15,21,22,27.5,58.7,0,0,2021-09-21 04:00:08
155,15,20,21,27.6,57.2,0,0,2021-09-21 03:00:16
156,14,19,20,28,55.5,0,0,2021-09-21 02:00:29
157,13,17,18,28.2,53,0,0,2021-09-21 01:00:14
158,10,13,14,28.3,48.7,0,0,2021-09-21 00:00:25
159,7,9,10,28.4,47.4,0,0,2021-09-20 23:00:10
160,6,7,8,28.4,46.7,0,0,2021-09-20 22:00:19
161,5,6,7,28.5,45.8,0,0,2021-09-20 21:00:24
162,6,7,7,28.6,44.9,0,0,2021-09-20 20:00:07
163,7,8,9,28.7,44.5,0,0,2021-09-20 19:00:23
164,6,7,7,28.8,43.6,0,0,2021-09-20 18:00:28
165,4,5,5,28.9,42.8,0,0,2021-09-20 17:00:08
166,2,2,3,28.9,42.3,0,0,2021-09-20 16:00:20
167,3,3,3,28.9,43.8,0,0,2021-09-20 15:00:03
168,5,6,6,28.8,44.8,0,0,2021-09-20 14:00:19
169,6,7,8,28.7,44.9,0,0,2021-09-20 13:00:01
170,4,5,6,28.6,45,0,0,2021-09-20 12:00:14
171,4,5,5,28.4,45,0,0,2021-09-20 11:00:23
172,4,4,5,28.3,45.3,0,0,2021-09-20 10:00:27
173,4,5,5,28.2,45.9,0,0,2021-09-20 09:00:04
174,5,6,6,27.9,47.1,0,0,2021-09-20 08:00:14
175,5,6,6,27.5,48.1,0,0,2021-09-20 07:00:21
176,5,6,7,27.1,49,0,0,2021-09-20 06:00:04
177,5,6,7,27,48.9,0,0,2021-09-20 05:00:17
178,5,6,7,27.1,48.5,0,0,2021-09-20 04:00:27
179,5,6,7,27.2,47.8,0,0,2021-09-20 03:00:08
180,5,7,7,27.4,47.6,0,0,2021-09-20 02:00:21
181,6,7,8,27.5,47.4,0,0,2021-09-20 01:00:33
182,5,7,8,27.7,46,0,0,2021-09-20 00:00:11
183,5,6,7,27.9,45,0,0,2021-09-19 23:00:25
184,5,6,6,28.1,44.2,0,0,2021-09-19 22:00:06
185,4,6,6,28.3,42.9,0,0,2021-09-19 21:00:18
186,5,6,7,28.5,43.7,0,0,2021-09-19 20:00:23
187,5,6,7,28.6,44.6,0,0,2021-09-19 19:00:28
188,4,5,6,28.7,45,0,0,2021-09-19 18:00:08
189,5,6,6,28.7,46.4,0,0,2021-09-19 17:00:17
190,7,8,9,28.8,48.6,0,0,2021-09-19 16:00:23
191,8,10,10,28.8,50,0,0,2021-09-19 15:00:02
192,8,10,10,28.7,50.4,0,0,2021-09-19 14:00:13
193,8,9,10,28.7,50.4,0,0,2021-09-19 13:00:28
194,7,8,8,28.6,50.7,0,0,2021-09-19 12:00:13
195,6,7,7,28.5,51.1,0,0,2021-09-19 11:00:20
196,5,6,7,28.3,51.3,0,0,2021-09-19 10:00:30
197,5,6,6,28,51.7,0,0,2021-09-19 09:00:11
198,5,6,7,27.9,51.8,0,0,2021-09-19 08:00:27
199,5,7,7,27.6,52.6,0,0,2021-09-19 07:00:12
200,5,7,7,27.5,53.2,0,0,2021-09-19 06:00:21
201,6,7,7,27.6,52.9,0,0,2021-09-19 05:00:03
202,6,7,8,27.6,53.2,0,0,2021-09-19 04:00:27
203,6,7,8,27.7,53.6,0,0,2021-09-19 03:00:08
204,6,8,8,27.9,53.1,0,0,2021-09-19 02:00:21
205,6,7,8,28.1,52.4,0,0,2021-09-19 01:00:28
206,5,6,7,28.3,51.5,0,0,2021-09-19 00:00:12
207,5,6,6,28.2,50.8,0,0,2021-09-18 23:00:21
208,4,5,6,28.3,50.3,0,0,2021-09-18 22:00:30
209,4,5,5,28.3,49.5,0,0,2021-09-18 21:00:09
210,3,4,5,28.4,48.5,0,0,2021-09-18 20:00:18
211,3,4,4,28.5,47.3,0,0,2021-09-18 19:00:26
212,2,3,3,28.5,45.6,0,0,2021-09-18 18:00:04
213,1,1,2,28.5,43.4,0,0,2021-09-18 17:00:22
214,0,1,1,28.5,42.9,0,0,2021-09-18 16:00:29
215,0,1,1,28.5,43.4,0,0,2021-09-18 15:00:25
216,0,0,1,28.4,44.2,0,0,2021-09-18 14:00:04
217,0,0,0,28.3,45.4,0,0,2021-09-18 13:00:22
218,0,1,1,28.2,46.3,0,0,2021-09-18 12:00:06
219,0,1,1,28,46.6,0,0,2021-09-18 11:00:20
220,1,1,1,27.9,46.5,0,0,2021-09-18 10:00:31
221,1,1,1,27.8,46.5,0,0,2021-09-18 09:00:14
222,2,2,2,27.5,47.6,0,0,2021-09-18 08:00:27
223,2,3,4,26.9,49.3,0,0,2021-09-18 07:00:07
224,3,3,4,26.8,48.9,0,0,2021-09-18 06:00:22
225,2,3,3,26.9,47.8,0,0,2021-09-18 05:00:03
226,2,3,3,27,46.6,0,0,2021-09-18 04:00:18
227,2,2,2,27.2,45.5,0,0,2021-09-18 03:00:06
228,1,2,2,27.3,44.7,0,0,2021-09-18 02:00:22
229,1,1,2,27.4,43.8,0,0,2021-09-18 01:00:31
230,1,1,2,27.4,42.9,0,0,2021-09-18 00:00:09
231,1,1,1,27.7,41.7,0,0,2021-09-17 23:00:23
232,1,1,2,27.8,41.3,0,0,2021-09-17 22:00:31
233,1,1,2,27.9,40.7,0,0,2021-09-17 21:00:09
234,1,1,1,28,40.5,0,0,2021-09-17 20:00:25
235,1,1,2,28.1,40.9,0,0,2021-09-17 19:00:11
236,1,1,1,28.1,41.1,0,0,2021-09-17 18:00:17
237,0,0,1,28.2,40.7,0,0,2021-09-17 17:00:30
238,0,0,1,28.4,42.2,0,0,2021-09-17 16:00:17
239,1,1,1,28.9,43,0,0,2021-09-17 15:00:27
240,1,1,1,29.4,41.3,0,0,2021-09-17 14:00:25
241,0,1,1,29.8,42.1,0,0,2021-09-17 13:00:30
242,1,1,2,29.5,43.6,0,0,2021-09-17 12:00:30
243,1,2,2,29.2,46.1,0,0,2021-09-17 11:00:27
244,2,2,3,28.4,47.1,0,0,2021-09-17 10:00:25
245,1,2,2,28.7,44.5,0,0,2021-09-17 09:00:20
246,1,2,2,29.4,42.9,0,0,2021-09-17 08:00:13
247,2,2,3,27.5,46.1,0,0,2021-09-17 07:00:05
248,2,3,3,27.4,45.4,0,0,2021-09-17 06:00:14
249,2,3,3,27.4,45.4,0,0,2021-09-17 05:00:30
250,2,3,3,27.5,45.6,0,0,2021-09-17 04:00:14
251,2,2,3,27.6,46.3,0,0,2021-09-17 03:00:26
252,2,3,3,27.8,47.2,0,0,2021-09-17 02:00:09
253,2,2,3,28,47.4,0,0,2021-09-17 01:00:17
254,2,2,3,28.1,47.3,0,0,2021-09-17 00:00:30
255,3,3,4,28.3,47.1,0,0,2021-09-16 23:00:18
256,3,3,4,28.5,45.3,0,0,2021-09-16 22:00:31
257,3,3,4,28.8,44.1,0,0,2021-09-16 21:00:10
258,2,3,3,28.9,43,0,0,2021-09-16 20:00:23
259,2,3,3,29.1,41.8,0,0,2021-09-16 19:00:06
260,2,2,3,29.3,40.2,0,0,2021-09-16 18:00:18
261,1,1,2,29.5,39.4,0,0,2021-09-16 17:00:28
262,1,1,1,29.7,38,0,0,2021-09-16 16:00:16
263,1,1,1,30.1,37.6,0,0,2021-09-16 15:00:20
264,0,0,1,30.7,35.9,0,0,2021-09-16 14:00:19
265,0,0,0,30.5,34.6,0,0,2021-09-16 13:00:16
266,0,0,1,29.5,37.1,0,0,2021-09-16 12:00:27
267,0,0,1,30.5,36.2,0,0,2021-09-16 11:00:16
268,0,0,1,29.6,37.2,0,0,2021-09-16 10:00:32
269,0,0,1,29.4,39.3,0,0,2021-09-16 09:00:20
270,0,0,1,29.3,39.6,0,0,2021-09-16 08:00:04
271,0,1,1,27.9,43.6,0,0,2021-09-16 07:00:22
272,1,1,2,25.3,47.9,0,0,2021-09-16 06:00:26
273,1,2,2,25.5,46.6,0,0,2021-09-16 05:00:09
274,1,2,2,25.9,44.7,0,0,2021-09-16 04:00:19
275,2,2,3,26.4,44,0,0,2021-09-16 03:00:31
276,2,2,3,26.3,42.5,0,0,2021-09-16 02:00:09
277,2,2,3,26.6,40.8,0,0,2021-09-16 01:00:22
278,2,2,2,27,39.3,0,0,2021-09-16 00:00:33
279,2,2,3,27.4,38,0,0,2021-09-15 23:00:09
280,2,3,3,27.7,37.1,0,0,2021-09-15 22:00:22
281,2,3,4,27.9,36.6,0,0,2021-09-15 21:00:04
282,3,3,4,28.2,36.5,0,0,2021-09-15 20:00:11
283,3,4,5,28.8,36.7,0,0,2021-09-15 19:00:25
284,3,4,5,29.4,36.6,0,0,2021-09-15 18:00:23
285,3,4,5,30,36.6,0,0,2021-09-15 17:00:02
286,4,6,6,30.4,36.5,0,0,2021-09-15 16:00:23
287,5,6,7,30.2,37.6,0,0,2021-09-15 15:00:13
288,3,5,5,31,36.6,0,0,2021-09-15 14:00:05
289,5,6,7,31.8,36.2,0,0,2021-09-15 13:00:28
290,5,7,8,31,37.4,0,0,2021-09-15 12:00:25
291,5,7,7,30.7,37.6,0,0,2021-09-15 11:00:07
292,5,6,7,30.6,37.7,0,0,2021-09-15 10:00:12
293,3,4,5,31,37.6,0,0,2021-09-15 09:00:02
294,2,2,3,32.3,35.9,0,0,2021-09-15 08:00:18
295,2,3,4,29.9,40,0,0,2021-09-15 07:00:11
296,3,4,4,28.4,42,0,0,2021-09-15 06:00:31
297,2,3,3,28.5,41.9,0,0,2021-09-15 05:00:24
298,2,3,3,28.6,41.4,0,0,2021-09-15 04:00:09
299,2,2,3,28.7,41,0,0,2021-09-15 03:00:21
300,2,3,3,28.8,40.6,0,0,2021-09-15 02:00:02
301,2,3,3,29,39.7,0,0,2021-09-15 01:00:31
302,3,3,4,29.2,39.1,0,0,2021-09-15 00:00:14
303,4,5,5,29.5,39.5,0,0,2021-09-14 23:00:23
304,3,5,5,29.7,39.7,0,0,2021-09-14 22:00:09
305,4,6,6,29.9,40.6,0,0,2021-09-14 21:00:08
306,5,7,8,30,42.1,0,0,2021-09-14 20:00:17
307,5,6,7,30.2,41.3,0,0,2021-09-14 19:00:27
308,4,6,6,30.5,40.1,0,0,2021-09-14 18:00:12
309,5,6,6,30.7,38.7,0,0,2021-09-14 17:00:20
310,5,7,8,31,38,0,0,2021-09-14 16:00:13
311,6,7,8,30.9,37.2,0,0,2021-09-14 15:00:24
312,4,6,6,31.6,36.1,0,0,2021-09-14 14:00:13
313,7,9,9,31.8,38.5,0,0,2021-09-14 13:00:22
314,8,10,11,31.1,39.5,0,0,2021-09-14 12:00:12
315,9,11,12,31.3,42.6,0,0,2021-09-14 11:00:07
316,7,9,10,31,42.4,0,0,2021-09-14 10:00:30
317,6,8,9,31.7,40.2,0,0,2021-09-14 09:00:23
318,7,9,10,31.4,42.2,0,0,2021-09-14 08:00:27
319,11,15,16,29.7,47.2,0,0,2021-09-14 07:00:05
320,15,23,25,29.6,47,0,0,2021-09-14 06:00:21
321,17,27,30,29.7,46.6,0,0,2021-09-14 05:00:04
322,10,14,15,29.7,46.4,0,0,2021-09-14 04:00:17
323,8,9,10,29.7,45.8,0,0,2021-09-14 03:00:26
324,7,9,10,29.8,45.5,0,0,2021-09-14 02:00:05
325,7,9,9,29.9,45.5,0,0,2021-09-14 01:00:14
326,7,9,9,30,45.5,0,0,2021-09-14 00:00:24
327,7,9,10,30,45.9,0,0,2021-09-13 23:00:02
328,7,9,10,30.1,46,0,0,2021-09-13 22:00:09
329,8,10,11,30.2,45.8,0,0,2021-09-13 21:00:19
330,9,12,12,30.3,45.3,0,0,2021-09-13 20:00:33
331,10,13,13,30.4,44.8,0,0,2021-09-13 19:00:34
332,11,14,15,30.6,44.1,0,0,2021-09-13 18:00:12
333,12,16,17,30.7,43.5,0,0,2021-09-13 17:00:28
334,14,19,20,30.6,43,0,0,2021-09-13 16:00:14
335,16,22,23,30.1,42.7,0,0,2021-09-13 15:00:18
336,18,25,27,29.4,43.2,0,0,2021-09-13 14:00:10
337,15,21,22,28.6,43.6,0,0,2021-09-13 13:00:28
338,15,21,22,28.6,43.5,0,0,2021-09-13 12:00:09
339,13,19,20,29.4,45.5,0,0,2021-09-13 11:00:22
340,12,18,19,29.4,45.7,0,0,2021-09-13 10:00:20
341,12,17,18,29.3,45.1,0,0,2021-09-13 09:00:26
342,14,21,22,29.5,49,0,0,2021-09-13 08:00:12
343,13,18,20,29.6,48.4,0,0,2021-09-13 07:00:05
344,11,15,16,29.4,48.4,0,0,2021-09-13 06:00:22
345,10,14,15,29.4,48,0,0,2021-09-13 05:00:11
346,10,13,14,29.5,47.6,0,0,2021-09-13 04:00:26
347,10,14,15,29.5,47.3,0,0,2021-09-13 03:00:03
348,10,14,15,29.6,47,0,0,2021-09-13 02:00:18
349,11,15,16,29.8,46.9,0,0,2021-09-13 01:00:25
350,11,15,16,29.9,47.1,0,0,2021-09-13 00:00:33
351,10,14,15,30,46.5,0,0,2021-09-12 23:00:17
352,9,13,14,30,46,0,0,2021-09-12 22:00:33
353,9,12,13,30.1,45.3,0,0,2021-09-12 21:00:16
354,8,11,12,30.2,44.4,0,0,2021-09-12 20:00:21
355,7,10,11,30.2,43.4,0,0,2021-09-12 19:00:06
356,6,8,9,30.4,42.7,0,0,2021-09-12 18:00:19
357,6,8,9,30.4,42.7,0,0,2021-09-12 17:00:25
358,7,9,10,30.5,43.7,0,0,2021-09-12 16:00:08
359,8,11,12,30.5,44.6,0,0,2021-09-12 15:00:24
360,10,13,14,30.4,44.9,0,0,2021-09-12 14:00:05
361,10,13,14,30.3,44.9,0,0,2021-09-12 13:00:15
362,9,12,13,30.1,45,0,0,2021-09-12 12:00:02
363,9,12,13,29.9,45.2,0,0,2021-09-12 11:00:17
364,11,15,15,29.8,45.8,0,0,2021-09-12 10:00:30
365,12,17,18,29.7,46.7,0,0,2021-09-12 09:00:10
366,13,18,19,29.5,47.2,0,0,2021-09-12 08:00:18
367,16,23,24,29.2,48.3,0,0,2021-09-12 07:00:31
368,17,24,26,28.9,50,0,0,2021-09-12 06:00:13
369,18,25,26,28.9,50.5,0,0,2021-09-12 05:00:24
370,18,25,26,29,50.4,0,0,2021-09-12 04:00:07
371,19,27,28,29.1,50.2,0,0,2021-09-12 03:00:15
372,19,28,29,29.2,49.8,0,0,2021-09-12 02:00:27
373,18,25,26,29.2,49.5,0,0,2021-09-12 01:00:11
374,16,22,23,29.3,49.3,0,0,2021-09-12 00:00:17
375,14,19,20,29.3,49.3,0,0,2021-09-11 23:00:31
376,13,18,19,29.4,49.6,0,0,2021-09-11 22:00:13
377,11,15,16,29.5,50.1,0,0,2021-09-11 21:00:23
378,11,14,14,29.5,49.7,0,0,2021-09-11 20:00:02
379,11,15,15,29.6,49,0,0,2021-09-11 19:00:14
380,14,19,20,29.8,48.4,0,0,2021-09-11 18:00:24
381,19,27,28,30,47.5,0,0,2021-09-11 17:00:07
382,19,27,28,30.1,47.6,0,0,2021-09-11 16:00:18
383,19,27,28,30.1,48.1,0,0,2021-09-11 15:00:29
384,19,27,28,30.1,48.9,0,0,2021-09-11 14:00:07
385,20,30,32,30,50.2,0,0,2021-09-11 13:00:19
386,21,33,37,29.8,51,0,0,2021-09-11 12:00:34
387,20,32,36,29.6,51.4,0,0,2021-09-11 11:00:11
388,20,31,35,29.4,52.2,0,0,2021-09-11 10:00:23
389,19,29,31,29.2,53.1,0,0,2021-09-11 09:00:05
390,17,24,26,28.9,53.7,0,0,2021-09-11 08:00:17
391,17,25,26,28.5,54.7,0,0,2021-09-11 07:00:25
392,18,25,26,28.3,55.2,0,0,2021-09-11 06:00:08
393,18,25,26,28.2,55.2,0,0,2021-09-11 05:00:19
394,18,25,26,28.3,54.9,0,0,2021-09-11 04:00:33
395,18,24,25,28.4,54.6,0,0,2021-09-11 03:00:12
396,18,23,24,28.4,54.6,0,0,2021-09-11 02:00:20
397,18,23,24,28.5,54.4,0,0,2021-09-11 01:00:06
398,17,23,24,28.6,54,0,0,2021-09-11 00:00:21
399,16,21,22,28.6,53.6,0,0,2021-09-10 23:00:32
400,16,20,21,28.7,53.4,0,0,2021-09-10 22:00:16
401,15,19,19,28.7,52.6,0,0,2021-09-10 21:00:32
402,13,17,17,28.9,51.5,0,0,2021-09-10 20:00:13
403,13,16,17,29,50.5,0,0,2021-09-10 19:00:22
404,15,18,18,29.2,49.6,0,0,2021-09-10 18:00:13
405,16,21,21,29.4,48.4,0,0,2021-09-10 17:00:25
406,19,25,26,29.5,48,0,0,2021-09-10 16:00:15
407,20,26,27,29.4,48.7,0,0,2021-09-10 15:00:15
408,19,25,26,29.1,49.7,0,0,2021-09-10 14:00:17
409,16,21,22,28.9,51,0,0,2021-09-10 13:00:20
410,16,21,22,28.7,51.3,0,0,2021-09-10 12:00:20
411,15,19,20,28,49.4,0,0,2021-09-10 11:00:16
412,18,26,28,28.2,49.6,0,0,2021-09-10 10:00:24
413,21,31,36,28.3,53.9,0,0,2021-09-10 09:00:20
414,19,26,28,28.3,53.1,0,0,2021-09-10 08:00:32
415,19,27,29,28.3,53.3,0,0,2021-09-10 07:00:11
416,19,27,29,28.1,53.7,0,0,2021-09-10 06:00:21
417,19,27,29,28.2,53.4,0,0,2021-09-10 05:00:30
418,19,27,29,28.2,53.2,0,0,2021-09-10 04:00:12
419,19,27,29,28.2,53.1,0,0,2021-09-10 03:00:30
420,19,27,28,28.3,52.8,0,0,2021-09-10 02:00:09
421,18,25,26,28.4,52.3,0,0,2021-09-10 01:00:21
422,16,21,22,28.4,51.7,0,0,2021-09-10 00:00:33
423,14,18,19,28.5,51.2,0,0,2021-09-09 23:00:19
424,12,16,17,28.6,50.6,0,0,2021-09-09 22:00:21
425,11,14,15,28.6,50,0,0,2021-09-09 21:00:07
426,10,12,13,28.7,49.6,0,0,2021-09-09 20:00:23
427,8,10,10,28.8,49,0,0,2021-09-09 19:00:02
428,7,8,9,29,48.4,0,0,2021-09-09 18:00:17
429,8,9,10,29.2,47.9,0,0,2021-09-09 17:00:28
430,8,10,11,29.4,47.4,0,0,2021-09-09 16:00:25
431,8,10,11,29.2,48.5,0,0,2021-09-09 15:00:26
432,8,10,11,29,50,0,0,2021-09-09 14:00:22
433,9,13,14,28.8,52,0,0,2021-09-09 13:00:32
434,7,10,11,28.2,53.4,0,0,2021-09-09 12:00:31
435,7,10,11,28.1,52.6,0,0,2021-09-09 11:00:25
436,11,18,20,28.8,52.8,0,0,2021-09-09 10:00:22
437,13,22,25,28.6,54.6,0,0,2021-09-09 09:00:12
438,12,19,22,28.1,54.8,0,0,2021-09-09 08:00:11
439,6,9,10,27.6,54.4,0,0,2021-09-09 07:00:04
440,6,8,9,27.4,54.6,0,0,2021-09-09 06:00:13
441,5,7,7,27.5,54.5,0,0,2021-09-09 05:00:26
442,4,5,6,27.5,54.3,0,0,2021-09-09 04:00:04
443,4,5,5,27.5,54,0,0,2021-09-09 03:00:09
444,4,5,5,27.6,53.8,0,0,2021-09-09 02:00:16
445,3,4,5,27.6,53.7,0,0,2021-09-09 01:00:28
446,3,4,5,27.7,53.5,0,0,2021-09-09 00:00:07
447,4,5,5,27.7,53.2,0,0,2021-09-08 23:00:27
448,3,4,4,27.9,52.5,0,0,2021-09-08 22:00:13
449,3,4,4,27.9,52.1,0,0,2021-09-08 21:00:29
450,3,3,4,28,51.8,0,0,2021-09-08 20:00:11
451,2,3,3,28.2,51.2,0,0,2021-09-08 19:00:21
452,2,3,3,28.3,50.9,0,0,2021-09-08 18:00:07
453,3,3,4,28.4,50.7,0,0,2021-09-08 17:00:22
454,3,4,4,28.6,50.4,0,0,2021-09-08 16:00:15
455,1,1,2,28.7,49.7,0,0,2021-09-08 15:00:18
456,0,0,0,28.5,50.3,0,0,2021-09-08 14:00:12
457,0,0,0,28.2,51,0,0,2021-09-08 13:00:16
458,0,0,1,27.9,52.4,0,0,2021-09-08 12:00:15
459,0,1,1,27.5,53.4,0,0,2021-09-08 11:00:31
460,0,0,1,26.9,54.1,0,0,2021-09-08 10:00:32
461,0,0,0,27.5,51.1,0,0,2021-09-08 09:00:08
462,0,0,0,28.4,53,0,0,2021-09-08 08:58:33
463,4,6,6,27.6,38.4,0,0,2021-09-06 09:00:29
464,4,5,5,28.8,39.1,0,0,2021-09-06 08:00:31
465,4,5,5,28.7,42.1,0,0,2021-09-06 07:00:25
466,4,4,5,28.6,42.3,0,0,2021-09-06 06:00:23
467,4,4,5,28.6,42.6,0,0,2021-09-06 05:00:32
468,3,4,5,28.7,42.7,0,0,2021-09-06 04:00:07
469,4,4,5,28.8,42.4,0,0,2021-09-06 03:00:04
470,4,5,5,28.9,41.9,0,0,2021-09-06 02:00:18
471,4,4,5,28.9,41.5,0,0,2021-09-06 01:00:16
472,3,4,4,29,41.1,0,0,2021-09-06 00:00:19
473,3,4,5,29.1,40.6,0,0,2021-09-05 23:00:21
474,4,4,5,29.1,40.4,0,0,2021-09-05 22:00:10
475,3,4,4,29.2,40.5,0,0,2021-09-05 21:00:06
476,4,4,5,29.3,40.8,0,0,2021-09-05 20:00:04
477,4,4,5,29.4,41.4,0,0,2021-09-05 19:00:29
478,3,3,4,29.5,41.4,0,0,2021-09-05 18:00:27
479,2,2,3,29.6,41.3,0,0,2021-09-05 17:00:03
480,1,2,2,29.7,41.8,0,0,2021-09-05 16:00:06
481,1,1,2,29.7,41.5,0,0,2021-09-05 15:00:12
482,1,1,1,29.6,41.3,0,0,2021-09-05 14:00:02
483,1,1,1,29.6,41.5,0,0,2021-09-05 13:00:03
484,1,2,2,29.4,42.1,0,0,2021-09-05 12:00:33
485,1,2,2,29.1,42.4,0,0,2021-09-05 11:00:26
486,1,2,2,28.8,42.7,0,0,2021-09-05 10:00:34
487,1,2,2,28.6,42.2,0,0,2021-09-05 09:00:04
488,1,1,2,28.4,41.8,0,0,2021-09-05 08:00:12
489,1,1,2,28.2,41.4,0,0,2021-09-05 07:00:14
490,1,1,2,28.2,40.2,0,0,2021-09-05 06:00:14
491,1,1,2,28.2,39.4,0,0,2021-09-05 05:00:24
492,1,1,1,28.4,38.5,0,0,2021-09-05 04:00:15
493,1,1,2,28.6,37.7,0,0,2021-09-05 03:00:06
494,1,2,2,28.7,37.1,0,0,2021-09-05 02:00:02
495,1,2,2,28.7,36.9,0,0,2021-09-05 01:00:34
496,1,2,2,28.8,36.8,0,0,2021-09-05 00:00:05
497,1,2,2,28.9,37,0,0,2021-09-04 23:00:10
498,1,1,2,29.1,37.3,0,0,2021-09-04 22:00:08
499,1,1,2,29.2,37.6,0,0,2021-09-04 21:00:05
500,2,2,2,29.3,37.9,0,0,2021-09-04 20:00:09
501,1,2,2,29.5,39,0,0,2021-09-04 19:00:07
502,0,1,1,29.7,40.5,0,0,2021-09-04 18:00:16
503,0,1,1,29.9,40.2,0,0,2021-09-04 17:00:15
504,1,1,1,30,39.4,0,0,2021-09-04 16:00:15
505,1,1,1,30,38.6,0,0,2021-09-04 15:00:04
506,0,1,1,29.9,38.5,0,0,2021-09-04 14:00:27
507,0,1,1,29.7,38.4,0,0,2021-09-04 13:00:16
508,1,1,1,29.4,38.8,0,0,2021-09-04 12:00:11
509,1,1,2,29.1,40.6,0,0,2021-09-04 11:00:27
510,1,2,2,28.7,41.1,0,0,2021-09-04 10:00:05
511,1,1,2,28.5,41.5,0,0,2021-09-04 09:00:28
512,1,1,1,28.2,41.5,0,0,2021-09-04 08:00:29
513,1,1,2,27.9,41.8,0,0,2021-09-04 07:00:12
514,1,1,2,27.8,41.4,0,0,2021-09-04 06:00:27
515,1,1,2,28,40.9,0,0,2021-09-04 05:00:03
516,1,2,2,28.1,40.5,0,0,2021-09-04 04:00:11
517,1,2,2,28.3,40,0,0,2021-09-04 03:00:17
518,2,2,2,28.4,39.7,0,0,2021-09-04 02:00:25
519,2,2,2,28.4,39,0,0,2021-09-04 01:00:28
520,1,2,2,28.5,38.3,0,0,2021-09-04 00:00:05
521,1,2,2,28.6,38,0,0,2021-09-03 23:00:07
522,2,2,2,28.8,38.5,0,0,2021-09-03 22:00:22
523,3,3,4,29,39.4,0,0,2021-09-03 21:00:03
524,3,4,4,29.1,39.1,0,0,2021-09-03 20:00:22
525,3,3,4,29.2,38.2,0,0,2021-09-03 19:00:25
526,3,3,3,29.4,37,0,0,2021-09-03 18:00:04
527,2,3,3,29.5,36.6,0,0,2021-09-03 17:00:11
528,2,3,3,29.7,35.1,0,0,2021-09-03 16:00:03
529,2,3,3,29.6,36,0,0,2021-09-03 15:00:08
530,4,5,5,29.5,40.9,0,0,2021-09-03 14:00:13
531,6,8,10,29.4,44,0,0,2021-09-03 13:00:09
532,7,10,13,29.1,45.8,0,0,2021-09-03 12:00:14
533,5,6,7,28.9,47.2,0,0,2021-09-03 11:00:32
534,4,5,6,28.5,48.6,0,0,2021-09-03 10:00:20
535,4,5,6,28.2,49.7,0,0,2021-09-03 09:00:03
536,4,6,6,28,51.3,0,0,2021-09-03 08:00:25
537,5,7,7,27.7,53.5,0,0,2021-09-03 07:00:08
538,6,8,8,27.5,54.1,0,0,2021-09-03 06:00:06
539,6,8,8,27.5,53.6,0,0,2021-09-03 05:00:33
540,6,7,8,27.6,53.2,0,0,2021-09-03 04:00:11
541,5,7,7,27.7,52.8,0,0,2021-09-03 03:00:05
542,5,7,7,27.8,52.5,0,0,2021-09-03 02:00:12
543,5,6,7,27.8,52.5,0,0,2021-09-03 01:00:08
544,5,7,7,27.9,52.6,0,0,2021-09-03 00:00:16
545,6,7,8,28,53.2,0,0,2021-09-02 23:00:34
546,6,8,8,28.1,53.3,0,0,2021-09-02 22:00:04
547,7,9,9,28.2,52.9,0,0,2021-09-02 21:00:34
548,7,9,9,28.3,52,0,0,2021-09-02 20:00:25
549,7,8,9,28.3,51,0,0,2021-09-02 19:00:31
550,7,8,9,28.4,50.4,0,0,2021-09-02 18:00:48
551,7,9,9,28.5,50,0,0,2021-09-02 17:00:05
552,9,11,12,28.4,50.5,0,0,2021-09-02 16:00:05
553,10,12,13,27.5,51.5,0,0,2021-09-02 15:00:05
554,5,6,6,27.6,40.3,0,0,2021-09-02 14:00:07
555,4,5,6,29.1,48.2,0,0,2021-09-02 13:00:27
556,4,5,5,29.8,43.4,0,0,2021-09-02 12:00:05
557,4,5,6,29.5,44.7,0,0,2021-09-02 11:03:31
558,3,4,5,28.5,46.5,0,0,2021-09-02 10:00:04
559,3,3,4,27.9,47.9,0,0,2021-09-02 09:00:23
560,2,2,3,27.7,49.7,0,0,2021-09-02 08:00:10
561,1,1,1,27.6,50.9,0,0,2021-09-02 07:00:27
562,0,0,0,27.6,51.8,0,0,2021-09-02 06:00:12
563,0,0,0,27.7,52.1,0,0,2021-09-02 05:00:09
564,0,0,0,27.7,52.3,0,0,2021-09-02 04:00:19
565,0,0,0,27.7,52.3,0,0,2021-09-02 03:00:19
566,0,0,0,27.7,52.2,0,0,2021-09-02 02:00:10
567,0,0,0,27.7,52.2,0,0,2021-09-02 01:00:10
568,0,0,0,27.8,52.3,0,0,2021-09-02 00:00:32
569,0,0,0,27.8,52.7,0,0,2021-09-01 23:00:07
570,0,0,0,27.8,53,0,0,2021-09-01 22:00:12
571,0,0,0,27.9,53.4,0,0,2021-09-01 21:00:21
572,0,0,1,28,53.8,0,0,2021-09-01 20:00:19
573,0,0,1,28.1,53.9,0,0,2021-09-01 19:00:21
574,0,0,0,28.2,53.6,0,0,2021-09-01 18:00:13
575,0,0,1,28.3,53.3,0,0,2021-09-01 17:00:32
576,0,0,1,28.4,53.5,0,0,2021-09-01 16:00:04
577,0,0,0,28.4,52.9,0,0,2021-09-01 15:00:22
578,0,0,0,28.1,54.5,0,0,2021-09-01 14:00:05
579,0,0,0,28,53.9,0,0,2021-09-01 13:00:11
580,0,0,0,28.4,52.3,0,0,2021-09-01 12:00:12
581,0,0,0,28.6,51.1,0,0,2021-09-01 11:00:24
582,0,0,0,28.8,50.9,0,0,2021-09-01 10:00:18
583,0,0,0,28.6,52.1,0,0,2021-09-01 09:00:26
584,0,0,0,28.1,53.3,0,0,2021-09-01 08:00:07
585,0,0,0,28.1,52.7,0,0,2021-09-01 07:00:15
586,0,0,0,28.1,52.8,0,0,2021-09-01 06:00:04
587,0,0,1,28.1,53,0,0,2021-09-01 05:00:16
588,1,1,1,28.1,53,0,0,2021-09-01 04:00:21
589,1,2,2,28.2,52.9,0,0,2021-09-01 03:00:06
590,2,2,2,28.2,53,0,0,2021-09-01 02:00:24
591,3,3,3,28.3,53,0,0,2021-09-01 01:00:33
592,4,4,5,28.3,52.9,0,0,2021-09-01 00:00:09
593,5,6,7,28.4,52.7,0,0,2021-08-31 23:00:22
594,6,8,8,28.4,52.3,0,0,2021-08-31 22:00:12
595,6,8,9,28.5,52,0,0,2021-08-31 21:00:30
596,7,9,10,28.5,51.7,0,0,2021-08-31 20:00:26
597,8,10,11,28.6,51.5,0,0,2021-08-31 19:00:34
598,8,10,11,28.7,51.3,0,0,2021-08-31 18:00:34
599,8,10,11,28.8,51.3,0,0,2021-08-31 17:00:33
600,8,11,12,28.9,51.4,0,0,2021-08-31 16:00:22
601,10,13,14,28.9,52.1,0,0,2021-08-31 15:00:11
602,12,16,17,28.5,53.3,0,0,2021-08-31 14:00:26
603,14,19,20,28.1,54.2,0,0,2021-08-31 13:00:27
604,20,30,34,27.9,54.5,0,0,2021-08-31 12:00:21
605,26,41,50,28.1,54,0,0,2021-08-31 11:00:08
606,28,44,54,28.1,52.1,0,0,2021-08-31 10:00:23
607,29,45,56,28.4,59.5,0,0,2021-08-31 09:00:28
608,28,45,55,28.2,59,0,0,2021-08-31 08:00:26
609,29,45,56,28.2,57.8,0,0,2021-08-31 07:00:29
610,29,45,55,28.2,57.2,0,0,2021-08-31 06:00:12
611,27,41,50,28.3,55.3,0,0,2021-08-31 05:00:28
612,26,39,46,28.3,54.4,0,0,2021-08-31 04:00:14
613,27,41,49,28.4,54.4,0,0,2021-08-31 03:00:25
614,27,40,47,28.4,53.5,0,0,2021-08-31 02:00:17
615,27,40,48,28.6,53,0,0,2021-08-31 01:00:30
616,27,41,49,28.7,52.5,0,0,2021-08-31 00:00:15
617,27,41,49,28.8,52.1,0,0,2021-08-30 23:00:32
618,27,41,49,28.9,51.5,0,0,2021-08-30 22:00:16
619,27,41,49,28.9,51.1,0,0,2021-08-30 21:00:27
620,27,40,48,29,50.5,0,0,2021-08-30 20:00:09
621,26,40,47,29,49.9,0,0,2021-08-30 19:00:28
622,23,35,40,29,48.7,0,0,2021-08-30 18:00:10
623,23,34,40,29.2,47.5,0,0,2021-08-30 17:00:24
624,24,36,42,29.2,47.1,0,0,2021-08-30 16:00:18
625,27,41,49,29.3,50,0,0,2021-08-30 15:00:26
626,28,43,52,28.5,51.9,0,0,2021-08-30 14:00:10
627,25,37,45,27.4,47.1,0,0,2021-08-30 13:00:23
628,26,40,48,26.9,48.4,0,0,2021-08-30 12:00:12
629,21,30,34,27.4,42.6,0,0,2021-08-30 11:00:07
630,20,29,32,28,48.8,0,0,2021-08-30 10:00:32
631,20,30,33,27.6,47.1,0,0,2021-08-30 09:00:36
632,26,41,50,28,53.3,0,0,2021-08-30 08:00:05
633,27,42,51,28.2,61.1,0,0,2021-08-30 07:00:14
634,23,34,39,28.1,61.1,0,0,2021-08-30 06:00:29
635,22,32,35,28.2,61.6,0,0,2021-08-30 05:00:10
636,21,30,32,28.3,61.6,0,0,2021-08-30 04:00:23
637,21,30,32,28.3,61.2,0,0,2021-08-30 03:00:03
638,21,30,33,28.4,60.8,0,0,2021-08-30 02:00:06
639,22,32,36,28.4,60.4,0,0,2021-08-30 01:00:18
640,23,33,39,28.6,59.9,0,0,2021-08-30 00:00:29
641,23,33,38,28.7,59.4,0,0,2021-08-29 23:00:07
642,23,33,37,28.8,58.7,0,0,2021-08-29 22:00:22
643,22,32,35,28.9,57.9,0,0,2021-08-29 21:00:30
644,22,31,35,28.9,57.1,0,0,2021-08-29 20:00:08
645,22,32,35,29,55.2,0,0,2021-08-29 19:00:19
646,22,31,34,29,53.6,0,0,2021-08-29 18:00:29
647,21,30,32,29,53.6,0,0,2021-08-29 17:00:08
648,21,30,32,29,54.1,0,0,2021-08-29 16:00:18
649,23,33,38,28.9,55,0,0,2021-08-29 15:00:29
650,27,39,47,28.8,56.4,0,0,2021-08-29 14:00:04
651,23,34,38,28.8,56.3,0,0,2021-08-29 13:00:15
652,22,32,36,28.6,57.6,0,0,2021-08-29 12:00:23
653,21,30,32,28.5,59.7,0,0,2021-08-29 11:00:32
654,20,28,30,28.3,60,0,0,2021-08-29 10:00:16
655,18,25,26,28.1,60.7,0,0,2021-08-29 09:00:23
656,18,25,26,28,61.5,0,0,2021-08-29 08:00:04
657,20,30,32,28.1,62,0,0,2021-08-29 07:00:14
658,22,32,36,28.2,63,0,0,2021-08-29 06:00:25
659,22,33,39,28.3,63.5,0,0,2021-08-29 05:00:06
660,22,33,38,28.4,63.1,0,0,2021-08-29 04:00:20
661,21,31,34,28.5,62.4,0,0,2021-08-29 03:00:32
662,20,30,33,28.5,61.4,0,0,2021-08-29 02:00:16
663,20,28,31,28.5,59.8,0,0,2021-08-29 01:00:26
664,19,27,29,28.6,58.7,0,0,2021-08-29 00:00:07
665,19,27,29,28.7,58.1,0,0,2021-08-28 23:00:13
666,20,28,30,28.7,57,0,0,2021-08-28 22:00:18
667,20,29,32,28.8,55.6,0,0,2021-08-28 21:00:33
668,22,32,36,28.8,53.6,0,0,2021-08-28 20:00:07
669,23,34,39,28.9,52.1,0,0,2021-08-28 19:00:18
670,24,36,42,29,51.8,0,0,2021-08-28 18:00:25
671,27,39,47,29.1,53.4,0,0,2021-08-28 17:00:32
672,29,43,52,29.2,54.3,0,0,2021-08-28 16:00:07
673,28,41,50,29.1,54.3,0,0,2021-08-28 15:00:22
674,30,44,53,28.8,54.6,0,0,2021-08-28 14:00:31
675,27,40,48,28.6,56,0,0,2021-08-28 13:00:10
676,22,33,37,28.4,57.6,0,0,2021-08-28 12:00:24
677,21,30,34,28.1,58.7,0,0,2021-08-28 11:00:32
678,19,27,30,27.9,59,0,0,2021-08-28 10:00:14
679,20,30,33,27.7,59.4,0,0,2021-08-28 09:00:29
680,20,31,36,27.5,59.5,0,0,2021-08-28 08:00:10
681,19,30,34,27.3,59.8,0,0,2021-08-28 07:00:19
682,15,20,23,27.2,60,0,0,2021-08-28 06:00:28
683,13,18,20,27.2,59.5,0,0,2021-08-28 05:00:09
684,13,18,20,27.2,59.3,0,0,2021-08-28 04:00:20
685,13,18,20,27.3,59.4,0,0,2021-08-28 03:00:06
686,14,18,21,27.4,59.6,0,0,2021-08-28 02:00:21
687,13,18,20,27.5,59.4,0,0,2021-08-28 01:00:31
688,13,17,19,27.5,59,0,0,2021-08-28 00:00:11
689,12,17,19,27.5,58.9,0,0,2021-08-27 23:00:20
690,12,15,17,27.6,58.4,0,0,2021-08-27 22:00:28
691,11,14,16,27.7,58.3,0,0,2021-08-27 21:00:13
692,10,13,14,27.8,57.8,0,0,2021-08-27 20:00:26
693,8,11,12,27.9,57.5,0,0,2021-08-27 19:00:32
694,7,9,11,28.1,56.7,0,0,2021-08-27 18:00:14
695,7,8,10,28.2,55.6,0,0,2021-08-27 17:00:28
696,6,7,8,28.2,55.1,0,0,2021-08-27 16:00:18
697,5,7,8,28.2,54.7,0,0,2021-08-27 15:00:07
698,5,6,7,28.2,53.9,0,0,2021-08-27 14:00:23
699,5,6,7,28.1,52.8,0,0,2021-08-27 13:00:11
700,4,6,6,27.4,50.4,0,0,2021-08-27 12:00:05
701,5,6,7,27.5,47.6,0,0,2021-08-27 11:00:20
702,6,7,9,28.3,52.7,0,0,2021-08-27 10:00:31
703,9,13,14,27.8,48.5,0,0,2021-08-27 09:00:05
704,18,26,28,27.6,42,0,0,2021-08-27 08:00:26
705,22,33,38,29.1,59.1,0,0,2021-08-27 07:00:11
706,23,36,42,29.1,60.4,0,0,2021-08-27 06:00:26
707,23,37,44,29.1,60.6,0,0,2021-08-27 05:00:07
708,23,37,44,29.2,60.7,0,0,2021-08-27 04:00:23
709,24,38,45,29.2,60.8,0,0,2021-08-27 03:00:02
710,24,39,46,29.2,60.8,0,0,2021-08-27 02:00:16
711,25,39,47,29.2,60.9,0,0,2021-08-27 01:00:33
712,25,40,49,29.2,61.1,0,0,2021-08-27 00:00:14
713,26,41,49,29.3,61.2,0,0,2021-08-26 23:00:28
714,26,41,49,29.3,61,0,0,2021-08-26 22:00:07
715,26,41,50,29.3,60.9,0,0,2021-08-26 21:00:16
716,26,41,50,29.4,61,0,0,2021-08-26 20:00:23
717,26,40,49,29.4,60.7,0,0,2021-08-26 19:00:19
718,25,40,49,29.4,60.9,0,0,2021-08-26 18:00:22
719,25,40,49,29.4,61.8,0,0,2021-08-26 17:00:32
720,24,39,48,28.8,58.4,0,0,2021-08-26 16:00:21
721,24,39,48,28.8,49.8,0,0,2021-08-26 15:00:25
722,23,38,46,29.3,65.1,0,0,2021-08-26 14:00:32
723,21,34,41,29.1,64.3,0,0,2021-08-26 13:00:16
724,20,32,37,28.9,62.9,0,0,2021-08-26 12:00:04
725,19,30,33,28.7,63.2,0,0,2021-08-26 11:00:31
726,18,29,33,28.6,64.3,0,0,2021-08-26 10:00:35
727,19,31,36,28.6,64.8,0,0,2021-08-26 09:00:35
728,19,32,39,28.4,65.4,0,0,2021-08-26 08:00:24
729,20,35,42,28.1,66,0,0,2021-08-26 07:00:21
730,18,30,36,28,66.7,0,0,2021-08-26 06:00:30
731,16,27,30,28.1,66.8,0,0,2021-08-26 05:00:30
732,16,27,30,28.2,66.4,0,0,2021-08-26 04:00:15
733,13,21,23,28.3,66.4,0,0,2021-08-26 03:00:18
734,13,21,23,28.3,66.4,0,0,2021-08-26 02:00:30
735,11,17,18,28.4,66.2,0,0,2021-08-26 01:00:16
736,10,15,17,28.4,65.9,0,0,2021-08-26 00:00:31
737,10,14,16,28.5,65.5,0,0,2021-08-25 23:00:06
738,7,10,11,28.5,65.2,0,0,2021-08-25 22:00:03
739,6,7,8,28.6,64.4,0,0,2021-08-25 21:00:15
740,6,7,8,28.7,63.5,0,0,2021-08-25 20:00:27
741,6,8,9,28.8,63.6,0,0,2021-08-25 19:00:03
742,4,5,5,29,61.9,0,0,2021-08-25 18:00:14
743,2,3,4,29,61.5,0,0,2021-08-25 17:00:28
744,4,6,6,29,61.7,0,0,2021-08-25 16:00:20
745,10,13,14,28.9,63.8,0,0,2021-08-25 15:00:08
746,11,15,16,28.7,65.5,0,0,2021-08-25 14:00:37
747,10,14,15,28.6,66.4,0,0,2021-08-25 13:00:07
748,9,11,12,28.6,63.2,0,0,2021-08-25 12:00:32
749,7,9,10,28.5,59.5,0,0,2021-08-25 11:00:27
750,7,9,10,28.4,54.1,0,0,2021-08-25 10:00:35
751,7,9,9,27.9,48.1,0,0,2021-08-25 09:00:19
752,7,9,9,28.5,56.5,0,0,2021-08-25 08:00:30
753,6,7,7,28.5,59,0,0,2021-08-25 07:00:31
754,5,6,7,28.3,59.2,0,0,2021-08-25 06:00:12
755,5,6,7,28.3,59.1,0,0,2021-08-25 05:00:23
756,5,6,6,28.3,59.2,0,0,2021-08-25 04:00:09
757,5,6,7,28.4,59.5,0,0,2021-08-25 03:00:26
758,5,6,7,28.4,59.6,0,0,2021-08-25 02:00:08
759,4,6,6,28.4,59.9,0,0,2021-08-25 01:00:19
760,4,6,6,28.4,60.2,0,0,2021-08-25 00:00:32
761,4,6,6,28.4,60.6,0,0,2021-08-24 23:00:15
762,4,6,6,28.4,60.8,0,0,2021-08-24 22:00:26
763,5,6,7,28.4,61.4,0,0,2021-08-24 21:00:06
764,5,6,7,28.5,61.8,0,0,2021-08-24 20:00:17
765,5,7,8,28.5,62.1,0,0,2021-08-24 19:00:30
766,6,9,10,28.6,62.4,0,0,2021-08-24 18:00:06
767,7,10,12,28.5,64.9,0,0,2021-08-24 17:00:25
768,9,13,14,28.2,61.3,0,0,2021-08-24 16:00:17
769,5,7,7,27.3,48.3,0,0,2021-08-24 15:00:30
770,4,5,6,27.8,47.6,0,0,2021-08-24 14:00:13
771,4,5,6,28.5,60.3,0,0,2021-08-24 13:00:23
772,3,3,4,28.3,59.6,0,0,2021-08-24 12:00:27
773,2,3,3,28.2,60.1,0,0,2021-08-24 11:00:29
774,1,2,2,28.2,58.8,0,0,2021-08-24 10:00:01
775,1,1,2,28.1,59.2,0,0,2021-08-24 09:00:05
776,1,1,1,28,59.9,0,0,2021-08-24 08:00:31
777,1,1,1,27.8,58.9,0,0,2021-08-24 07:00:17
778,1,1,2,27.8,58.2,0,0,2021-08-24 06:00:32
779,1,2,2,27.9,57,0,0,2021-08-24 05:00:08
780,2,2,3,28,56.8,0,0,2021-08-24 04:00:22
781,2,2,3,28.1,55.9,0,0,2021-08-24 03:00:06
782,1,1,2,28.1,55.3,0,0,2021-08-24 02:00:22
783,1,1,2,28.1,55.7,0,0,2021-08-24 01:00:33
784,1,1,2,28,56.4,0,0,2021-08-24 00:00:14
785,1,2,2,27.9,56.6,0,0,2021-08-23 23:00:32
786,2,3,3,28,56.7,0,0,2021-08-23 22:00:15
787,3,4,5,28,56.5,0,0,2021-08-23 21:00:13
788,5,6,7,28.2,56.2,0,0,2021-08-23 20:00:21
789,6,8,9,28.4,55.9,0,0,2021-08-23 19:00:09
790,8,11,12,28.7,56,0,0,2021-08-23 18:00:22
791,12,17,18,29,54.8,0,0,2021-08-23 17:00:08
792,13,19,20,29.1,54.2,0,0,2021-08-23 16:00:03
793,15,21,23,29.3,52.9,0,0,2021-08-23 15:00:17
794,16,23,24,29,52.3,0,0,2021-08-23 14:00:09
795,17,26,27,28.6,50.7,0,0,2021-08-23 13:00:33
796,18,28,30,29.7,54.3,0,0,2021-08-23 12:00:15
797,19,30,33,29.5,54,0,0,2021-08-23 11:00:21
798,20,31,35,29.4,53.8,0,0,2021-08-23 10:00:22
799,19,30,34,29.3,53.7,0,0,2021-08-23 09:00:20
800,19,30,33,29.4,53.7,0,0,2021-08-23 08:00:12
801,20,30,33,29.3,54.3,0,0,2021-08-23 07:00:14
802,20,31,34,29.2,54.6,0,0,2021-08-23 06:00:22
803,20,31,34,29.2,54.6,0,0,2021-08-23 05:00:31
804,19,30,33,29.2,54.4,0,0,2021-08-23 04:00:12
805,19,29,31,29.3,54.1,0,0,2021-08-23 03:00:21
806,19,29,31,29.4,54,0,0,2021-08-23 02:00:33
807,19,28,31,29.5,53.8,0,0,2021-08-23 01:00:17
808,19,28,30,29.6,53.6,0,0,2021-08-23 00:00:28
809,18,28,30,29.7,53.3,0,0,2021-08-22 23:00:09
810,18,28,30,29.9,53,0,0,2021-08-22 22:00:24
811,18,28,30,30,52.8,0,0,2021-08-22 21:00:22
812,18,27,29,30.1,52.2,0,0,2021-08-22 20:00:09
813,17,26,28,30.3,51.5,0,0,2021-08-22 19:00:23
814,18,26,28,30.3,51.6,0,0,2021-08-22 18:00:07
815,17,25,27,30.4,51.5,0,0,2021-08-22 17:00:17
816,16,24,25,30.4,51.7,0,0,2021-08-22 16:00:27
817,15,22,24,30.4,51.9,0,0,2021-08-22 15:00:11
818,14,21,23,30.3,52,0,0,2021-08-22 14:00:12
819,14,21,23,30.3,52.7,0,0,2021-08-22 13:00:26
820,15,23,25,30.2,53.8,0,0,2021-08-22 12:00:12
821,14,22,24,30,54.4,0,0,2021-08-22 11:00:26
822,12,18,20,29.8,54.6,0,0,2021-08-22 10:00:08
823,10,14,15,29.7,54.9,0,0,2021-08-22 09:00:25
824,8,10,10,29.5,55.3,0,0,2021-08-22 08:00:08
825,6,7,8,29.3,55.6,0,0,2021-08-22 07:00:16
826,5,6,6,29.1,55.8,0,0,2021-08-22 06:00:22
827,4,5,6,29.1,55.8,0,0,2021-08-22 05:00:01
828,4,5,6,29.2,55.7,0,0,2021-08-22 04:00:15
829,4,5,6,29.3,55.9,0,0,2021-08-22 03:00:18
830,4,5,6,29.3,56,0,0,2021-08-22 02:00:28
831,4,5,6,29.3,56.1,0,0,2021-08-22 01:00:11
832,3,4,5,29.4,56.2,0,0,2021-08-22 00:00:29
833,3,3,4,29.4,56.4,0,0,2021-08-21 23:00:09
834,2,2,3,29.5,56.4,0,0,2021-08-21 22:00:03
835,1,1,2,29.5,56.6,0,0,2021-08-21 21:00:18
836,2,2,2,29.6,56.6,0,0,2021-08-21 20:00:29
837,1,1,2,29.7,55.8,0,0,2021-08-21 19:00:12
838,0,0,1,30,54.6,0,0,2021-08-21 18:00:25
839,0,0,1,30.1,53,0,0,2021-08-21 17:00:10
840,0,1,1,30,53.1,0,0,2021-08-21 16:00:26
841,1,1,1,30,53.1,0,0,2021-08-21 15:00:05
842,1,2,2,29.8,54.3,0,0,2021-08-21 14:00:13
843,2,3,3,29.4,55.4,0,0,2021-08-21 13:00:24
844,5,7,7,29.5,55.2,0,0,2021-08-21 12:00:09
845,8,10,11,29.5,55,0,0,2021-08-21 11:00:23
846,9,12,12,29.6,54.8,0,0,2021-08-21 10:00:04
847,10,13,14,29.9,53.6,0,0,2021-08-21 09:00:16
848,10,13,14,30,52.2,0,0,2021-08-21 08:00:32
849,11,14,15,30,51.3,0,0,2021-08-21 07:00:23
850,11,15,16,30,51.4,0,0,2021-08-21 06:00:04
851,12,17,18,30,51.7,0,0,2021-08-21 05:00:23
852,12,17,18,30,52,0,0,2021-08-21 04:00:14
853,13,17,18,30.1,51.7,0,0,2021-08-21 03:00:29
854,12,17,18,30.1,51.2,0,0,2021-08-21 02:00:11
855,12,16,18,30.1,50.8,0,0,2021-08-21 01:00:25
856,11,15,16,30.2,49.8,0,0,2021-08-21 00:00:04
857,11,15,16,30.5,48.1,0,0,2021-08-20 23:00:16
858,11,15,16,30.6,45.2,0,0,2021-08-20 22:00:02
859,11,15,16,30.6,44.7,0,0,2021-08-20 21:00:17
860,11,15,16,30.6,44.6,0,0,2021-08-20 20:00:07
861,11,15,16,30.6,44.6,0,0,2021-08-20 19:00:28
862,12,16,17,30.7,44.8,0,0,2021-08-20 18:00:15
863,12,17,18,30.7,45.1,0,0,2021-08-20 17:00:31
864,12,17,19,30.4,45.7,0,0,2021-08-20 16:00:22
865,9,13,15,29.4,41.6,0,0,2021-08-20 15:00:21
866,11,15,17,29.1,41.6,0,0,2021-08-20 14:00:22
867,11,14,15,29.1,36.2,0,0,2021-08-20 13:00:25
868,10,15,16,30.3,44.6,0,0,2021-08-20 12:00:36
869,7,10,11,30.1,43.6,0,0,2021-08-20 11:00:17
870,4,6,7,29.8,41.3,0,0,2021-08-20 10:00:16
871,4,6,7,29.2,41.2,0,0,2021-08-20 09:00:18
872,5,8,9,29.1,42,0,0,2021-08-20 08:00:19
873,5,9,10,29.8,47.4,0,0,2021-08-20 07:00:20
874,6,9,11,29.7,47.3,0,0,2021-08-20 06:00:08
875,5,9,10,29.9,46.9,0,0,2021-08-20 05:00:21
876,5,9,10,30,46.7,0,0,2021-08-20 04:00:31
877,5,9,10,30.2,46.5,0,0,2021-08-20 03:00:15
878,5,8,9,30.3,45.8,0,0,2021-08-20 02:00:24
879,5,8,10,30.4,44,0,0,2021-08-20 01:00:04
880,5,8,9,30.6,43.4,0,0,2021-08-20 00:00:14
881,5,8,9,30.7,43.5,0,0,2021-08-19 23:00:30
882,4,7,8,30.8,43.3,0,0,2021-08-19 22:00:11
883,4,7,8,30.9,43,0,0,2021-08-19 21:00:28
884,4,6,7,30.9,42.7,0,0,2021-08-19 20:00:11
885,4,6,7,31,41.7,0,0,2021-08-19 19:00:32
886,4,6,7,31.1,40.9,0,0,2021-08-19 18:00:30
887,3,5,6,31.1,40.6,0,0,2021-08-19 17:00:17
888,2,3,4,30.9,40,0,0,2021-08-19 16:00:11
889,3,5,6,29.9,42,0,0,2021-08-19 15:00:12
890,4,5,6,29,35.6,0,0,2021-08-19 14:00:08
891,4,6,7,29.7,40.2,0,0,2021-08-19 13:00:07
892,4,6,7,29.4,39.1,0,0,2021-08-19 12:00:17
893,4,7,8,29.4,37.9,0,0,2021-08-19 11:00:02
894,6,9,11,29.7,40,0,0,2021-08-19 10:00:02
895,7,11,13,29.8,41.5,0,0,2021-08-19 09:00:17
896,7,12,14,29.6,41.7,0,0,2021-08-19 08:00:31
897,6,9,11,29.4,39.3,0,0,2021-08-19 07:00:29
898,4,7,9,30,42.1,0,0,2021-08-19 06:00:13
899,4,7,8,30,42.1,0,0,2021-08-19 05:00:30
900,4,6,7,30.1,42.1,0,0,2021-08-19 04:00:09
901,3,5,6,30.2,41.9,0,0,2021-08-19 03:00:18
902,3,4,5,30.4,42,0,0,2021-08-19 02:00:26
903,3,4,5,30.5,42.3,0,0,2021-08-19 01:00:31
904,2,4,5,30.6,42.3,0,0,2021-08-19 00:00:11
905,2,3,4,30.8,42.5,0,0,2021-08-18 23:00:21
906,2,3,3,30.9,42.7,0,0,2021-08-18 22:00:29
907,1,2,3,31.1,42.7,0,0,2021-08-18 21:00:10
908,1,2,2,31.4,42.5,0,0,2021-08-18 20:00:25
909,0,1,1,31.4,42.6,0,0,2021-08-18 19:00:10
910,0,1,1,31.4,42.4,0,0,2021-08-18 18:00:22
911,0,1,1,31.3,41.6,0,0,2021-08-18 17:00:04
912,0,0,1,30.7,42.6,0,0,2021-08-18 16:00:32
913,1,2,3,30.4,39.1,0,0,2021-08-18 15:00:12
914,1,2,3,31.3,45,0,0,2021-08-18 14:00:16
915,3,5,6,30.6,47.3,0,0,2021-08-18 13:00:12
916,5,7,8,29.7,46.5,0,0,2021-08-18 12:00:27
917,5,8,9,29.9,45.8,0,0,2021-08-18 11:00:14
918,5,7,9,29.8,43.2,0,0,2021-08-18 10:00:08
919,3,5,6,30.1,44,0,0,2021-08-18 09:00:03
920,2,4,5,30.1,41.5,0,0,2021-08-18 08:00:24
921,2,4,5,31.2,43.8,0,0,2021-08-18 07:00:24
922,3,4,5,31.5,43.5,0,0,2021-08-18 06:00:06
923,3,4,5,31.6,43.2,0,0,2021-08-18 05:00:23
924,2,4,5,31.7,43.6,0,0,2021-08-18 04:00:32
925,2,3,4,31.8,43.8,0,0,2021-08-18 03:00:13
926,2,3,4,31.9,43.9,0,0,2021-08-18 02:00:25
927,1,2,3,32,44.4,0,0,2021-08-18 01:00:10
928,1,2,2,32.1,45.3,0,0,2021-08-18 00:00:17
929,1,2,3,32.3,45.4,0,0,2021-08-17 23:00:22
930,1,3,4,32.5,45.3,0,0,2021-08-17 22:00:04
931,2,4,5,32.6,45,0,0,2021-08-17 21:00:19
932,2,4,5,32.7,44.2,0,0,2021-08-17 20:00:19
933,2,4,5,33,42.9,0,0,2021-08-17 19:00:03
934,2,4,4,33.4,41.1,0,0,2021-08-17 18:00:18
935,2,4,5,33.5,39.9,0,0,2021-08-17 17:00:32
936,3,5,6,33.6,39.5,0,0,2021-08-17 16:00:20
937,3,6,7,33.6,39.5,0,0,2021-08-17 15:00:12
938,4,7,8,33.6,39.5,0,0,2021-08-17 14:00:32
939,5,8,9,33.6,39.5,0,0,2021-08-17 13:00:19
940,6,9,11,33.4,39.4,0,0,2021-08-17 12:00:33
941,7,11,12,33.3,39.5,0,0,2021-08-17 11:00:12
942,7,12,13,33.2,39.9,0,0,2021-08-17 10:00:30
943,8,13,14,33,40.4,0,0,2021-08-17 09:00:12
944,8,14,15,32.7,40.7,0,0,2021-08-17 08:00:29
945,9,14,15,32.4,41.5,0,0,2021-08-17 07:00:17
946,9,15,16,32.1,42.3,0,0,2021-08-17 06:00:32
947,9,15,17,32.2,42.4,0,0,2021-08-17 05:00:15
948,9,16,17,32.3,42.7,0,0,2021-08-17 04:00:30
949,9,16,18,32.4,43.1,0,0,2021-08-17 03:00:15
950,10,16,18,32.5,43.2,0,0,2021-08-17 02:00:29
951,10,16,18,32.6,43,0,0,2021-08-17 01:00:18
952,9,15,17,32.8,42.8,0,0,2021-08-17 00:00:02
953,10,16,17,33,42.3,0,0,2021-08-16 23:00:18
954,9,16,17,33.2,42.1,0,0,2021-08-16 22:00:02
955,9,16,17,33.3,41.8,0,0,2021-08-16 21:00:12
956,9,15,17,33.4,41.3,0,0,2021-08-16 20:00:33
957,8,14,15,33.5,41.1,0,0,2021-08-16 19:00:17
958,8,13,14,33.6,40.9,0,0,2021-08-16 18:00:31
959,8,13,14,33.7,40.8,0,0,2021-08-16 17:00:16
960,7,12,14,33.6,40.9,0,0,2021-08-16 16:00:26
961,7,12,13,33.6,41.1,0,0,2021-08-16 15:00:07
962,6,10,11,33.5,41.5,0,0,2021-08-16 14:00:27
963,6,9,10,33.3,41.7,0,0,2021-08-16 13:00:10
964,5,8,9,33.2,42.1,0,0,2021-08-16 12:00:23
965,5,8,9,33,42.5,0,0,2021-08-16 11:00:22
966,5,8,9,32.8,42.9,0,0,2021-08-16 10:00:04
967,5,8,9,32.5,43.3,0,0,2021-08-16 09:00:20
968,5,8,9,32.2,43.8,0,0,2021-08-16 08:00:07
969,5,8,9,31.8,44.7,0,0,2021-08-16 07:00:26
970,5,8,9,31.5,45.5,0,0,2021-08-16 06:00:13
971,5,7,8,31.6,45.7,0,0,2021-08-16 05:00:30
972,4,7,8,31.7,45.5,0,0,2021-08-16 04:00:14
973,4,7,8,31.9,45.4,0,0,2021-08-16 03:00:31
974,4,6,7,32,45.2,0,0,2021-08-16 02:00:17
975,4,6,7,32.3,44.8,0,0,2021-08-16 01:00:01
976,3,6,7,32.5,44.2,0,0,2021-08-16 00:00:16
977,3,6,7,32.6,43.4,0,0,2021-08-15 23:00:24
978,3,5,7,32.8,42.4,0,0,2021-08-15 22:00:11
979,2,4,5,33,42.1,0,0,2021-08-15 21:00:11
980,2,3,4,33.2,41.5,0,0,2021-08-15 20:00:28
981,1,2,3,33.2,41.2,0,0,2021-08-15 19:00:11
982,1,2,3,33.3,41,0,0,2021-08-15 18:00:29
983,1,2,2,33.3,40.9,0,0,2021-08-15 17:00:14
984,1,2,2,33.2,40.9,0,0,2021-08-15 16:00:18
985,1,1,2,33.2,41.1,0,0,2021-08-15 15:00:32
986,0,1,1,33.1,41.5,0,0,2021-08-15 14:00:13
987,0,1,1,33,41.7,0,0,2021-08-15 13:00:29
988,1,1,2,32.9,42,0,0,2021-08-15 12:00:28
989,1,1,2,32.7,42.5,0,0,2021-08-15 11:00:07
990,1,2,3,32.4,42.9,0,0,2021-08-15 10:00:19
991,2,3,3,32.2,43.4,0,0,2021-08-15 09:00:27
992,2,3,4,31.8,43.9,0,0,2021-08-15 08:00:12
993,2,4,5,31.6,44.2,0,0,2021-08-15 07:00:18
994,3,5,6,31.3,45,0,0,2021-08-15 06:00:02
995,3,5,6,31.3,44.8,0,0,2021-08-15 05:00:18
996,3,5,6,31.5,44.4,0,0,2021-08-15 04:00:32
997,3,5,6,31.7,44.2,0,0,2021-08-15 03:00:14
998,3,5,6,31.8,43.9,0,0,2021-08-15 02:00:26
999,3,5,6,31.9,43.7,0,0,2021-08-15 01:00:08
1000,3,5,6,32,43.6,0,0,2021-08-15 00:00:25
1001,2,4,5,32.1,43.4,0,0,2021-08-14 23:00:33
1002,2,4,5,32.2,43.1,0,0,2021-08-14 22:00:09
1003,2,3,4,32.4,43,0,0,2021-08-14 21:00:22
1004,1,2,3,32.7,42.6,0,0,2021-08-14 20:00:07
1005,1,2,2,33,42.3,0,0,2021-08-14 19:00:24
1006,1,1,2,33,42.7,0,0,2021-08-14 18:00:05
1007,1,2,2,33.1,42.9,0,0,2021-08-14 17:00:10
1008,1,2,3,33.1,43.1,0,0,2021-08-14 16:00:22
1009,2,4,5,33.1,43.2,0,0,2021-08-14 15:00:04
1010,3,5,6,33,43.3,0,0,2021-08-14 14:00:15
1011,4,6,7,32.9,43.6,0,0,2021-08-14 13:00:34
1012,5,8,9,32.8,43.8,0,0,2021-08-14 12:00:16
1013,6,9,10,32.7,44,0,0,2021-08-14 11:00:31
1014,6,9,11,32.5,44.9,0,0,2021-08-14 10:00:13
1015,6,10,11,32.5,45.3,0,0,2021-08-14 09:00:28
1016,7,10,11,32.4,46.3,0,0,2021-08-14 08:00:10
1017,7,11,12,32.1,47.3,0,0,2021-08-14 07:00:26
1018,7,11,12,31.9,47.6,0,0,2021-08-14 06:00:12
1019,8,12,13,32.1,47.8,0,0,2021-08-14 05:00:27
1020,8,13,14,32.2,48.1,0,0,2021-08-14 04:00:12
1021,9,14,15,32.3,48.2,0,0,2021-08-14 03:00:25
1022,9,14,16,32.4,47.9,0,0,2021-08-14 02:00:12
1023,11,16,17,32.6,48.1,0,0,2021-08-14 01:00:25
1024,12,18,19,32.6,48.7,0,0,2021-08-14 00:00:08
1025,12,19,20,32.7,48.9,0,0,2021-08-13 23:00:14
1026,13,19,21,32.8,48.6,0,0,2021-08-13 22:00:29
1027,13,20,21,32.9,48.4,0,0,2021-08-13 21:00:10
1028,13,20,21,33,47.9,0,0,2021-08-13 20:00:23
1029,13,20,21,33.3,47.2,0,0,2021-08-13 19:00:06
1030,13,19,20,33.3,47.2,0,0,2021-08-13 18:00:19
1031,13,20,21,33.3,47.1,0,0,2021-08-13 17:00:05
1032,13,21,22,33.3,47.2,0,0,2021-08-13 16:00:20
1033,14,21,22,33.3,47.3,0,0,2021-08-13 15:00:14
1034,15,22,24,33.2,47.7,0,0,2021-08-13 14:00:32
1035,15,24,25,33.1,48.1,0,0,2021-08-13 13:00:19
1036,16,25,26,33,48.5,0,0,2021-08-13 12:00:28
1037,17,26,28,32.8,49,0,0,2021-08-13 11:00:13
1038,17,26,28,32.7,49.5,0,0,2021-08-13 10:00:27
1039,17,27,29,32.6,49.8,0,0,2021-08-13 09:00:11
1040,18,29,32,32.5,49.8,0,0,2021-08-13 08:00:25
1041,19,31,35,32.3,50.5,0,0,2021-08-13 07:00:03
1042,20,32,37,32.1,50.7,0,0,2021-08-13 06:00:18
1043,20,32,38,32.2,50.2,0,0,2021-08-13 05:00:03
1044,20,32,39,32.2,50,0,0,2021-08-13 04:00:13
1045,20,33,40,32.3,49.8,0,0,2021-08-13 03:00:24
1046,20,33,40,32.4,49.6,0,0,2021-08-13 02:00:06
1047,20,33,40,32.5,49.3,0,0,2021-08-13 01:00:22
1048,21,34,41,32.6,49.1,0,0,2021-08-13 00:00:04
1049,21,34,41,32.7,48.8,0,0,2021-08-12 23:00:18
1050,21,34,42,32.8,48.5,0,0,2021-08-12 22:00:32
1051,21,34,42,32.9,48.1,0,0,2021-08-12 21:00:14
1052,21,34,42,33,47.7,0,0,2021-08-12 20:00:29
1053,21,34,40,33.4,46.8,0,0,2021-08-12 19:00:19
1054,21,34,41,33.9,45.6,0,0,2021-08-12 18:00:30
1055,21,34,40,34,45.3,0,0,2021-08-12 17:00:17
1056,21,33,39,34.1,45.1,0,0,2021-08-12 16:00:27
1057,21,33,39,34.1,44.9,0,0,2021-08-12 15:00:12
1058,20,33,38,34.1,44.7,0,0,2021-08-12 14:00:28
1059,20,33,38,34.1,45,0,0,2021-08-12 13:00:11
1060,20,32,37,34.1,45.6,0,0,2021-08-12 12:00:28
1061,20,32,36,34,46.1,0,0,2021-08-12 11:00:25
1062,20,32,38,33.8,46.6,0,0,2021-08-12 10:00:04
1063,20,33,38,33.5,47.2,0,0,2021-08-12 09:00:19
1064,21,33,40,33.2,48.1,0,0,2021-08-12 08:00:32
1065,22,34,41,32.7,49.3,0,0,2021-08-12 07:00:13
1066,22,34,41,32.5,49.5,0,0,2021-08-12 06:00:21
1067,22,36,43,32.6,49.2,0,0,2021-08-12 05:00:08
1068,23,37,45,32.8,48.9,0,0,2021-08-12 04:00:25
1069,23,37,45,33,48.3,0,0,2021-08-12 03:00:07
1070,22,36,43,33.1,47.7,0,0,2021-08-12 02:00:16
1071,22,36,43,33.2,47.4,0,0,2021-08-12 01:00:34
1072,22,36,43,33.4,47,0,0,2021-08-12 00:00:15
1073,22,36,43,33.5,46.3,0,0,2021-08-11 23:00:23
1074,22,37,43,33.6,45.8,0,0,2021-08-11 22:00:05
1075,22,36,43,33.8,45.2,0,0,2021-08-11 21:00:23
1076,22,36,43,33.9,44.5,0,0,2021-08-11 20:00:04
1077,22,36,43,33.9,44.3,0,0,2021-08-11 19:00:12
1078,21,34,41,33.9,44.2,0,0,2021-08-11 18:00:25
1079,21,34,40,34,44.3,0,0,2021-08-11 17:00:06
1080,21,34,40,34,44.8,0,0,2021-08-11 16:00:19
1081,21,34,40,34,45.6,0,0,2021-08-11 15:00:03
1082,21,33,38,34,45.6,0,0,2021-08-11 14:00:14
1083,20,31,36,34,45.9,0,0,2021-08-11 13:00:31
1084,19,30,33,34,46.2,0,0,2021-08-11 12:00:17
1085,19,28,30,33.8,46.6,0,0,2021-08-11 11:00:19
1086,18,25,27,33.7,46.7,0,0,2021-08-11 10:00:08
1087,16,22,23,33.5,47.1,0,0,2021-08-11 09:00:28
1088,16,23,24,33.1,48.1,0,0,2021-08-11 08:00:18
1089,16,22,24,32.8,48.4,0,0,2021-08-11 07:00:05
1090,14,20,21,32.7,48.3,0,0,2021-08-11 06:00:24
1091,14,20,21,32.8,48,0,0,2021-08-11 05:00:32
1092,13,20,21,33,47.3,0,0,2021-08-11 04:00:15
1093,12,18,19,33.1,46.6,0,0,2021-08-11 03:00:26
1094,12,17,18,33.2,46.3,0,0,2021-08-11 02:00:10
1095,11,16,17,33.3,46,0,0,2021-08-11 01:00:27
1096,11,16,17,33.4,45.3,0,0,2021-08-11 00:00:11
1097,11,16,17,33.6,44.7,0,0,2021-08-10 23:00:19
1098,11,16,17,33.7,44.2,0,0,2021-08-10 22:00:29
1099,11,15,16,33.8,43.7,0,0,2021-08-10 21:00:10
1100,10,14,16,34,43.1,0,0,2021-08-10 20:00:28
1101,10,14,15,34.1,42.7,0,0,2021-08-10 19:00:11
1102,9,13,14,34.2,42.8,0,0,2021-08-10 18:00:27
1103,8,11,12,34.2,42.7,0,0,2021-08-10 17:00:14
1104,7,9,10,34.2,42.7,0,0,2021-08-10 16:00:31
1105,7,9,9,34.2,43.3,0,0,2021-08-10 15:00:15
1106,8,10,11,34.1,44,0,0,2021-08-10 14:00:03
1107,8,11,12,33.9,44.6,0,0,2021-08-10 13:00:22
1108,5,7,8,33.8,44.5,0,0,2021-08-10 12:00:09
1109,3,5,5,33.8,44.3,0,0,2021-08-10 11:00:06
1110,2,3,4,33.6,44.2,0,0,2021-08-10 10:00:16
1111,2,3,3,33.4,44.2,0,0,2021-08-10 09:00:29
1112,1,2,3,33.1,44.5,0,0,2021-08-10 08:00:16
1113,1,2,3,32.6,45.4,0,0,2021-08-10 07:00:30
1114,1,2,2,32.4,45.8,0,0,2021-08-10 06:00:29
1115,1,1,2,32.4,46.1,0,0,2021-08-10 05:00:10
1116,1,1,2,32.5,46,0,0,2021-08-10 04:00:23
1117,0,1,1,32.7,46.2,0,0,2021-08-10 03:00:32
1118,0,1,1,32.9,46.1,0,0,2021-08-10 02:00:17
1119,1,1,1,33,45.9,0,0,2021-08-10 01:00:30
1120,1,1,1,33.2,45.6,0,0,2021-08-10 00:00:11
1121,1,2,2,33.3,45.6,0,0,2021-08-09 23:00:22
1122,2,3,4,33.5,45.9,0,0,2021-08-09 22:00:15
1123,2,3,4,33.5,46.1,0,0,2021-08-09 21:00:32
1124,3,5,6,33.5,46.6,0,0,2021-08-09 20:00:08
1125,4,6,7,32.1,50.1,0,0,2021-08-09 19:38:28
1126,4,6,7,34.2,43,0,0,2021-08-09 17:00:15
1127,4,6,7,34.2,42.8,0,0,2021-08-09 16:00:31
1128,4,5,6,34.2,43.1,0,0,2021-08-09 15:00:16
1129,3,5,5,34.2,43.4,0,0,2021-08-09 14:00:05
1130,3,4,5,34.2,43.7,0,0,2021-08-09 13:00:19
1131,2,3,3,34.1,44.1,0,0,2021-08-09 12:00:03
1132,2,2,3,34,44.7,0,0,2021-08-09 11:00:21
1133,2,2,3,33.9,45.4,0,0,2021-08-09 10:00:30
1134,2,3,3,33.8,46.1,0,0,2021-08-09 09:00:04
1135,2,3,3,33.5,47.2,0,0,2021-08-09 08:00:24
1136,3,3,3,33.1,48.2,0,0,2021-08-09 07:00:07
1137,3,4,4,32.9,49.4,0,0,2021-08-09 06:00:17
1138,4,4,5,32.9,49.5,0,0,2021-08-09 05:00:02
1139,4,5,5,33,49.4,0,0,2021-08-09 04:00:13
1140,4,5,5,33.1,49.1,0,0,2021-08-09 03:00:27
1141,4,5,5,33.2,48.7,0,0,2021-08-09 02:00:08
1142,5,6,6,33.3,48.8,0,0,2021-08-09 01:00:17
1143,5,6,7,33.4,48.8,0,0,2021-08-09 00:00:26
1144,6,7,8,33.5,49.1,0,0,2021-08-08 23:00:07
1145,7,8,9,33.7,49.4,0,0,2021-08-08 22:00:13
1146,8,9,10,33.7,49.7,0,0,2021-08-08 21:00:31
1147,8,10,11,33.8,49.6,0,0,2021-08-08 20:00:15
1148,9,11,11,33.9,49.1,0,0,2021-08-08 19:00:19
1149,10,12,13,34.2,48.5,0,0,2021-08-08 18:00:03
1150,10,13,13,34.5,47.4,0,0,2021-08-08 17:00:23
1151,13,16,16,34.8,47.2,0,0,2021-08-08 16:00:07
1152,13,16,17,34.9,46.6,0,0,2021-08-08 15:00:15
1153,13,16,17,34.9,46.2,0,0,2021-08-08 14:00:28
1154,12,15,16,34.9,46.2,0,0,2021-08-08 13:00:11
1155,11,14,15,34.7,46.3,0,0,2021-08-08 12:00:26
1156,9,12,13,34.6,46.3,0,0,2021-08-08 11:00:05
1157,8,11,12,34.4,46.5,0,0,2021-08-08 10:00:19
1158,8,11,12,34.2,46.7,0,0,2021-08-08 09:00:31
1159,8,11,11,33.9,47.3,0,0,2021-08-08 08:00:12
1160,7,10,11,33.5,48.2,0,0,2021-08-08 07:00:27
1161,8,11,12,33.5,48.1,0,0,2021-08-08 06:00:10
1162,7,10,11,33.6,47.7,0,0,2021-08-08 05:00:16
1163,7,10,11,33.7,47.2,0,0,2021-08-08 04:00:22
1164,7,9,10,33.8,46.8,0,0,2021-08-08 03:00:03
1165,7,9,10,33.9,46.4,0,0,2021-08-08 02:00:21
1166,7,9,10,34,46,0,0,2021-08-08 01:00:03
1167,7,9,10,34.2,45.7,0,0,2021-08-08 00:00:20
1168,7,9,10,34.3,45.3,0,0,2021-08-07 23:00:26
1169,7,9,10,34.4,45,0,0,2021-08-07 22:00:07
1170,6,8,9,34.6,44.5,0,0,2021-08-07 21:00:20
1171,5,7,8,34.7,44.1,0,0,2021-08-07 20:00:02
1172,5,6,7,34.7,43.7,0,0,2021-08-07 19:00:16
1173,4,5,6,34.7,43,0,0,2021-08-07 18:00:06
1174,4,5,6,34.7,42.8,0,0,2021-08-07 17:00:22
1175,4,6,6,34.7,43,0,0,2021-08-07 16:00:32
1176,4,6,6,34.6,43.5,0,0,2021-08-07 15:00:17
1177,4,6,6,34.5,43.7,0,0,2021-08-07 14:00:30
1178,5,6,6,34.4,44.4,0,0,2021-08-07 13:00:14
1179,4,5,6,34.3,45.3,0,0,2021-08-07 12:00:23
1180,4,5,5,34.1,45.9,0,0,2021-08-07 11:00:26
1181,3,5,5,33.9,46.9,0,0,2021-08-07 10:00:06
1182,3,4,4,33.8,47.6,0,0,2021-08-07 09:00:16
1183,2,3,3,33.7,47.9,0,0,2021-08-07 08:00:06
1184,1,2,2,33.4,48.4,0,0,2021-08-07 07:00:21
1185,1,2,2,33.1,48.9,0,0,2021-08-07 06:00:03
1186,1,2,2,33.1,48.8,0,0,2021-08-07 05:00:13
1187,1,2,2,33.2,48.5,0,0,2021-08-07 04:00:29
1188,1,2,2,33.4,48,0,0,2021-08-07 03:00:33
1189,1,2,2,33.6,47.6,0,0,2021-08-07 02:00:14
1190,1,2,2,33.7,47.2,0,0,2021-08-07 01:00:31
1191,1,2,2,33.8,47,0,0,2021-08-07 00:00:16
1192,2,2,3,33.9,46.9,0,0,2021-08-06 23:00:23
1193,2,2,3,34,46.6,0,0,2021-08-06 22:00:03
1194,1,2,3,34.1,46.4,0,0,2021-08-06 21:00:14
1195,2,2,3,34.2,45.9,0,0,2021-08-06 20:00:29
1196,2,2,3,34.5,45.1,0,0,2021-08-06 19:00:08
1197,2,3,3,34.6,45.3,0,0,2021-08-06 18:00:21
1198,2,3,4,34.6,45.4,0,0,2021-08-06 17:00:01
1199,3,4,5,34.6,45.6,0,0,2021-08-06 16:00:07
1200,5,7,8,34.6,46.5,0,0,2021-08-06 15:00:22
1201,10,14,15,34.8,47.5,0,0,2021-08-06 14:00:04
1202,11,16,17,34.9,47.3,0,0,2021-08-06 13:00:21
1203,11,16,16,35,47.3,0,0,2021-08-06 12:00:07
1204,13,18,19,34.9,47.9,0,0,2021-08-06 11:00:28
1205,14,20,21,34.8,48.3,0,0,2021-08-06 10:00:13
1206,15,21,22,34.6,48.7,0,0,2021-08-06 09:00:27
1207,15,21,22,34.4,48.9,0,0,2021-08-06 08:00:09
1208,15,21,22,34.2,49.1,0,0,2021-08-06 07:00:24
1209,15,21,21,34,49.5,0,0,2021-08-06 06:00:09
1210,14,21,21,34,49.4,0,0,2021-08-06 05:00:22
1211,14,21,21,34.1,49.2,0,0,2021-08-06 04:00:03
1212,14,20,21,34.2,49,0,0,2021-08-06 03:00:14
1213,14,20,20,34.2,48.6,0,0,2021-08-06 02:00:31
1214,14,20,21,34.3,48.2,0,0,2021-08-06 01:00:33
1215,15,20,21,34.4,48,0,0,2021-08-06 00:00:18
1216,15,20,21,34.4,47.9,0,0,2021-08-05 23:00:03
1217,15,21,22,34.6,47.4,0,0,2021-08-05 22:00:15
1218,16,22,23,34.7,46.9,0,0,2021-08-05 21:00:27
1219,16,23,24,34.8,46.8,0,0,2021-08-05 20:00:13
1220,17,25,26,34.9,46.8,0,0,2021-08-05 19:00:31
1221,18,26,27,34.9,46.6,0,0,2021-08-05 18:00:12
1222,18,26,28,34.9,46.6,0,0,2021-08-05 17:00:17
1223,17,25,27,34.9,46.7,0,0,2021-08-05 16:00:28
1224,15,22,23,34.8,46.8,0,0,2021-08-05 15:00:11
1225,14,19,20,34.8,46.8,0,0,2021-08-05 14:00:30
1226,13,18,19,34.7,47,0,0,2021-08-05 13:00:16
1227,13,18,19,34.6,47.2,0,0,2021-08-05 12:00:20
1228,12,17,18,34.5,47.4,0,0,2021-08-05 11:00:27
1229,13,18,18,34.3,47.9,0,0,2021-08-05 10:00:17
1230,13,19,20,34.1,48.7,0,0,2021-08-05 09:00:22
1231,14,20,21,33.9,49.4,0,0,2021-08-05 08:00:08
1232,14,20,21,33.6,50.1,0,0,2021-08-05 07:00:25
1233,14,20,20,33.3,50.6,0,0,2021-08-05 06:00:13
1234,13,19,20,33.4,50.3,0,0,2021-08-05 05:00:32
1235,13,19,20,33.6,49.8,0,0,2021-08-05 04:00:14
1236,13,18,19,33.6,49.6,0,0,2021-08-05 03:00:30
1237,13,18,19,33.7,49.5,0,0,2021-08-05 02:00:19
1238,13,19,19,33.7,49.3,0,0,2021-08-05 01:00:02
1239,13,19,20,33.8,49.1,0,0,2021-08-05 00:00:17
1240,13,19,20,33.9,48.8,0,0,2021-08-04 23:00:32
1241,14,20,20,34,48.5,0,0,2021-08-04 22:00:19
1242,14,20,20,34.2,48.1,0,0,2021-08-04 21:00:26
1243,15,21,21,34.4,47.5,0,0,2021-08-04 20:00:09
1244,15,21,22,34.5,47.6,0,0,2021-08-04 19:00:28
1245,15,21,22,34.5,47.5,0,0,2021-08-04 18:00:08
1246,15,21,22,34.6,47.2,0,0,2021-08-04 17:00:23
1247,15,20,21,34.6,46.9,0,0,2021-08-04 16:00:05
1248,16,22,23,34.7,47.4,0,0,2021-08-04 15:00:23
1249,16,22,22,34.6,48.1,0,0,2021-08-04 14:00:09
1250,14,18,19,34.5,48.7,0,0,2021-08-04 13:00:22
1251,12,16,17,34.4,49.5,0,0,2021-08-04 12:00:30
1252,11,14,15,34.2,50.4,0,0,2021-08-04 11:00:12
1253,10,13,13,34.1,51.5,0,0,2021-08-04 10:00:31
1254,9,11,12,33.3,53.8,0,0,2021-08-04 09:08:46
1255,0,1,1,29.7,42.1,0,0,2021-06-16 13:00:11
1256,1,1,1,29.6,42.7,0,0,2021-06-16 12:00:20
1257,1,1,1,29.5,43.1,0,0,2021-06-16 11:00:29
1258,1,1,2,29.2,43.6,0,0,2021-06-16 10:00:32
1259,1,1,2,29,44.6,0,0,2021-06-16 09:00:20
1260,1,1,2,28.7,45.6,0,0,2021-06-16 08:00:03
1261,1,2,2,28.5,46.4,0,0,2021-06-16 07:00:19
1262,2,3,3,28.3,47.1,0,0,2021-06-16 06:00:25
1263,3,4,4,28.2,47.5,0,0,2021-06-16 05:00:08
1264,3,5,5,28.2,47.6,0,0,2021-06-16 04:00:17
1265,4,6,6,28.3,47.7,0,0,2021-06-16 03:00:21
1266,4,6,7,28.4,47.7,0,0,2021-06-16 02:00:05
1267,5,7,8,28.5,47.9,0,0,2021-06-16 01:00:20
1268,6,8,9,28.7,48.4,0,0,2021-06-16 00:00:23
1269,7,9,10,28.8,49.2,0,0,2021-06-15 23:00:30
1270,7,10,11,28.9,49.8,0,0,2021-06-15 22:00:05
1271,8,11,12,29,50.4,0,0,2021-06-15 21:00:21
1272,9,12,13,29.1,50.5,0,0,2021-06-15 20:00:26
1273,10,13,14,29.3,50.1,0,0,2021-06-15 19:00:04
1274,11,15,16,29.3,49.9,0,0,2021-06-15 18:00:32
1275,11,15,16,29.3,49.8,0,0,2021-06-15 17:00:23
1276,12,17,18,29.4,49.9,0,0,2021-06-15 16:00:26
1277,13,19,20,29.2,50.3,0,0,2021-06-15 15:00:33
1278,15,21,22,29.2,51.2,0,0,2021-06-15 14:00:16
1279,16,23,25,29.2,51.2,0,0,2021-06-15 13:00:36
1280,18,26,28,29.3,50.4,0,0,2021-06-15 12:00:22
1281,20,31,35,29.3,50.5,0,0,2021-06-15 11:00:22
1282,24,38,46,29.2,50.4,0,0,2021-06-15 10:00:22
1283,26,42,52,28.6,49.6,0,0,2021-06-15 09:00:15
1284,26,41,50,28.6,46.9,0,0,2021-06-15 08:00:19
1285,24,37,45,29.4,48.4,0,0,2021-06-15 07:00:06
1286,23,36,43,29.3,48.3,0,0,2021-06-15 06:00:20
1287,24,36,43,29.3,48.1,0,0,2021-06-15 05:00:25
1288,24,36,43,29.4,48,0,0,2021-06-15 04:00:03
1289,24,37,44,29.5,47.7,0,0,2021-06-15 03:00:15
1290,25,38,45,29.5,47.7,0,0,2021-06-15 02:00:15
1291,26,39,47,29.5,47.6,0,0,2021-06-15 01:00:25
1292,26,40,49,29.6,47.5,0,0,2021-06-15 00:00:03
1293,27,42,50,29.7,47.3,0,0,2021-06-14 23:00:06
1294,28,44,54,29.9,47.1,0,0,2021-06-14 22:00:20
1295,29,46,57,30,47,0,0,2021-06-14 21:00:10
1296,30,46,58,30.1,47.2,0,0,2021-06-14 20:00:03
1297,29,45,56,30.3,46.7,0,0,2021-06-14 19:00:14
1298,26,41,50,30.4,45.9,0,0,2021-06-14 18:00:28
1299,24,37,44,30.5,45.1,0,0,2021-06-14 17:00:21
1300,21,32,37,30.6,44.2,0,0,2021-06-14 16:00:03
1301,21,30,33,30.5,43.7,0,0,2021-06-14 15:00:24
1302,20,29,32,30.5,43.3,0,0,2021-06-14 14:00:17
1303,18,27,28,30.2,42.9,0,0,2021-06-14 13:00:05
1304,17,24,26,29.9,42,0,0,2021-06-14 12:00:20
1305,15,21,23,29.4,41.1,0,0,2021-06-14 11:00:19
1306,13,20,21,28.4,41,0,0,2021-06-14 10:00:25
1307,14,21,23,26.9,40.6,0,0,2021-06-14 09:00:13
1308,15,24,25,28.1,39.4,0,0,2021-06-14 08:00:24
1309,17,27,29,29.3,49,0,0,2021-06-14 07:00:26
1310,16,24,26,28.8,50.7,0,0,2021-06-14 06:00:06
1311,16,23,25,28.7,51.2,0,0,2021-06-14 05:00:17
1312,16,23,24,28.8,51,0,0,2021-06-14 04:00:29
1313,16,22,23,29,50.7,0,0,2021-06-14 03:00:16
1314,16,22,24,29.2,50.2,0,0,2021-06-14 02:00:21
1315,16,23,24,29.4,49.9,0,0,2021-06-14 01:00:06
1316,16,23,24,29.5,49.7,0,0,2021-06-14 00:00:19
1317,17,23,25,29.6,49.4,0,0,2021-06-13 23:00:29
1318,17,23,25,29.8,49.2,0,0,2021-06-13 22:00:17
1319,17,23,25,29.8,49.3,0,0,2021-06-13 21:00:17
1320,18,26,27,30,49,0,0,2021-06-13 20:00:27
1321,20,29,30,30.2,48.8,0,0,2021-06-13 19:00:05
1322,22,32,37,30.4,48.6,0,0,2021-06-13 18:00:18
1323,23,35,41,30.5,48.6,0,0,2021-06-13 17:00:31
1324,23,35,41,30.5,48.5,0,0,2021-06-13 16:00:16
1325,23,36,43,30.5,48.5,0,0,2021-06-13 15:00:16
1326,24,38,45,30.5,48.5,0,0,2021-06-13 14:00:25
1327,23,36,43,30.3,48.5,0,0,2021-06-13 13:00:06
1328,23,36,44,30.1,49.1,0,0,2021-06-13 12:00:19
1329,24,38,48,29.9,50,0,0,2021-06-13 11:00:27
1330,25,41,53,29.7,50.5,0,0,2021-06-13 10:00:29
1331,25,42,59,29.3,51.2,0,0,2021-06-13 09:00:07
1332,17,26,30,28.9,50.5,0,0,2021-06-13 08:00:22
1333,15,21,22,28.6,50.7,0,0,2021-06-13 07:00:10
1334,15,20,21,28.5,51,0,0,2021-06-13 06:00:22
1335,15,20,21,28.4,51.2,0,0,2021-06-13 05:00:04
1336,15,20,21,28.4,51,0,0,2021-06-13 04:00:16
1337,15,20,21,28.5,50.8,0,0,2021-06-13 03:00:18
1338,15,20,21,28.6,50.7,0,0,2021-06-13 02:00:02
1339,15,20,22,28.7,50.5,0,0,2021-06-13 01:00:15
1340,15,21,21,28.8,50.3,0,0,2021-06-13 00:00:29
1341,15,20,21,28.8,50.3,0,0,2021-06-12 23:00:04
1342,16,21,22,28.9,50.1,0,0,2021-06-12 22:00:16
1343,16,21,22,28.9,49.6,0,0,2021-06-12 21:00:18
1344,16,22,23,29,49.3,0,0,2021-06-12 20:00:18
1345,17,24,25,29.1,48.8,0,0,2021-06-12 19:00:04
1346,17,23,24,29.2,48.1,0,0,2021-06-12 18:00:13
1347,16,21,22,29.2,47,0,0,2021-06-12 17:00:20
1348,14,19,20,29.2,46.5,0,0,2021-06-12 16:00:03
1349,13,17,18,29.1,47,0,0,2021-06-12 15:00:19
1350,13,17,18,29,47.6,0,0,2021-06-12 14:00:28
1351,13,17,18,28.8,48.3,0,0,2021-06-12 13:00:07
1352,13,17,18,28.6,48.9,0,0,2021-06-12 12:00:23
1353,13,18,19,28.4,49.5,0,0,2021-06-12 11:00:07
1354,14,19,20,28.2,50.1,0,0,2021-06-12 10:00:20
1355,13,19,20,28,50.6,0,0,2021-06-12 09:00:30
1356,13,19,20,27.8,51.1,0,0,2021-06-12 08:00:14
1357,12,18,19,27.6,51.6,0,0,2021-06-12 07:00:26
1358,12,17,18,27.4,51.9,0,0,2021-06-12 06:00:03
1359,12,17,19,27.3,52.1,0,0,2021-06-12 05:00:18
1360,12,18,19,27.3,52,0,0,2021-06-12 04:00:28
1361,12,18,19,27.2,52,0,0,2021-06-12 03:00:15
1362,12,18,19,27.2,51.9,0,0,2021-06-12 02:00:19
1363,12,17,19,27.4,51.7,0,0,2021-06-12 01:00:04
1364,12,17,19,27.5,51.3,0,0,2021-06-12 00:00:16
1365,12,17,19,27.6,50.9,0,0,2021-06-11 23:00:30
1366,12,17,19,27.8,50,0,0,2021-06-11 22:00:08
1367,12,17,18,27.9,49.4,0,0,2021-06-11 21:00:20
1368,11,16,17,28,48.7,0,0,2021-06-11 20:00:02
1369,11,16,17,28,48.4,0,0,2021-06-11 19:00:14
1370,11,16,17,28.1,48,0,0,2021-06-11 18:00:27
1371,12,17,18,28.1,47.7,0,0,2021-06-11 17:00:14
1372,12,18,19,27.8,46.5,0,0,2021-06-11 16:00:22
1373,13,19,21,27,44.6,0,0,2021-06-11 15:00:19
1374,20,32,36,27.3,47.1,0,0,2021-06-11 14:00:28
1375,20,31,35,27.6,46.3,0,0,2021-06-11 13:00:30
1376,13,19,20,28.2,51.3,0,0,2021-06-11 12:00:27
1377,10,14,15,27,48.4,0,0,2021-06-11 11:00:21
1378,9,12,13,25.8,46.6,0,0,2021-06-11 10:00:05
1379,8,11,12,26.2,45.3,0,0,2021-06-11 09:00:20
1380,8,10,11,27,46,0,0,2021-06-11 08:00:18
1381,10,13,14,27.5,56,0,0,2021-06-11 07:00:06
1382,13,18,18,27.5,57.4,0,0,2021-06-11 06:00:23
1383,13,17,17,27.3,58.7,0,0,2021-06-11 05:00:06
1384,17,22,23,27.4,57.8,0,0,2021-06-11 04:00:17
1385,21,30,32,27.6,56.2,0,0,2021-06-11 03:00:30
1386,23,33,37,27.7,54.4,0,0,2021-06-11 02:00:15
1387,26,36,43,27.8,54.1,0,0,2021-06-11 01:00:26
1388,26,37,43,28,53.8,0,0,2021-06-11 00:00:04
1389,27,38,46,28.4,51.3,0,0,2021-06-10 23:00:15
1390,27,39,47,28.6,49.9,0,0,2021-06-10 22:00:26
1391,32,48,58,28.8,51.8,0,0,2021-06-10 21:00:03
1392,34,51,63,29.1,50.8,0,0,2021-06-10 20:00:15
1393,34,50,62,29.2,48.5,0,0,2021-06-10 19:00:14
1394,32,47,58,29.3,45.7,0,0,2021-06-10 18:00:24
1395,31,46,57,29.4,45.1,0,0,2021-06-10 17:00:29
1396,30,43,53,28.7,45.2,0,0,2021-06-10 16:00:16
1397,25,35,40,28,38.2,0,0,2021-06-10 15:00:28
1398,25,35,41,28.6,39.4,0,0,2021-06-10 14:00:07
1399,26,37,44,28.4,38.6,0,0,2021-06-10 13:00:02
1400,28,41,49,29.2,41.1,0,0,2021-06-10 12:00:20
1401,28,41,50,28.8,41.9,0,0,2021-06-10 11:00:14
1402,31,46,56,29.1,47.7,0,0,2021-06-10 10:00:26
1403,35,52,65,29.1,49.5,0,0,2021-06-10 09:00:26
1404,34,52,64,28.1,50.6,0,0,2021-06-10 08:00:04
1405,41,63,72,27.2,46.6,0,0,2021-06-10 07:00:22
1406,53,85,91,28.2,51,0,0,2021-06-10 06:00:22
1407,61,98,105,28.4,52.3,0,0,2021-06-10 05:00:05
1408,51,80,85,28.4,51.1,0,0,2021-06-10 04:00:19
1409,39,59,69,28.5,50,0,0,2021-06-10 03:00:28
1410,33,48,59,28.6,48.8,0,0,2021-06-10 02:00:34
1411,33,48,59,28.8,47.7,0,0,2021-06-10 01:00:06
1412,34,50,62,29,46.7,0,0,2021-06-10 00:00:11
1413,39,56,68,29.1,46.8,0,0,2021-06-09 23:00:22
1414,36,53,65,29.3,46.1,0,0,2021-06-09 22:00:30
1415,37,54,66,29.5,45.1,0,0,2021-06-09 21:00:06
1416,37,54,66,29.8,44.1,0,0,2021-06-09 20:00:17
1417,37,55,67,30.2,42.5,0,0,2021-06-09 19:00:24
1418,32,48,60,30.4,39.5,0,0,2021-06-09 18:00:08
1419,34,51,64,30,40.7,0,0,2021-06-09 17:00:32
1420,35,53,65,29,40.5,0,0,2021-06-09 16:00:12
1421,27,40,48,28.2,40.4,0,0,2021-06-09 15:00:18
1422,26,38,45,28.2,40.8,0,0,2021-06-09 14:00:32
1423,27,41,49,27.9,40.3,0,0,2021-06-09 13:00:16
1424,23,33,38,28.8,42.5,0,0,2021-06-09 12:00:18
1425,20,28,31,28.2,43,0,0,2021-06-09 11:00:19
1426,16,21,23,28.1,43,0,0,2021-06-09 10:00:23
1427,15,19,21,28.1,43,0,0,2021-06-09 09:00:32
1428,15,20,21,27.9,48.8,0,0,2021-06-09 08:00:34
1429,18,25,26,27.5,48.2,0,0,2021-06-09 07:00:17
1430,18,24,26,27.2,47.2,0,0,2021-06-09 06:00:33
1431,18,24,25,27.3,47.5,0,0,2021-06-09 05:00:17
1432,18,25,26,27.4,47,0,0,2021-06-09 04:00:30
1433,18,24,26,27.5,47.6,0,0,2021-06-09 03:00:08
1434,23,35,41,27.8,53.2,0,0,2021-06-09 02:00:16
1435,23,36,43,27.9,53.9,0,0,2021-06-09 01:00:29
1436,25,38,47,28,54,0,0,2021-06-09 00:00:09
1437,27,43,54,28.1,54.4,0,0,2021-06-08 23:00:21
1438,31,49,63,28.3,54.8,0,0,2021-06-08 22:00:03
1439,31,49,61,28.5,52.8,0,0,2021-06-08 21:00:16
1440,30,48,61,28.6,52.2,0,0,2021-06-08 20:00:20
1441,29,45,57,28.7,51.2,0,0,2021-06-08 19:00:33
1442,28,45,57,28.9,50,0,0,2021-06-08 18:00:18
1443,27,44,54,29.1,47.3,0,0,2021-06-08 17:00:30
1444,23,35,40,29.1,41.9,0,0,2021-06-08 16:00:22
1445,22,33,38,28.5,42.2,0,0,2021-06-08 15:00:26
1446,18,28,30,28.3,48.6,0,0,2021-06-08 14:00:21
1447,18,26,29,27.8,44.1,0,0,2021-06-08 13:00:25
1448,14,21,22,27.8,46.6,0,0,2021-06-08 12:00:03
1449,11,15,16,28.2,51.7,0,0,2021-06-08 11:00:20
1450,15,22,24,27.9,50.2,0,0,2021-06-08 10:00:19
1451,23,35,41,27.5,46.7,0,0,2021-06-08 09:00:19
1452,21,32,37,27.1,47.3,0,0,2021-06-08 08:00:05
1453,23,34,40,26.8,50,0,0,2021-06-08 07:00:23
1454,23,34,40,26.6,49.4,0,0,2021-06-08 06:00:32
1455,22,33,38,26.5,49.2,0,0,2021-06-08 05:00:14
1456,21,32,36,26.5,49,0,0,2021-06-08 04:00:21
1457,21,31,35,26.6,48.6,0,0,2021-06-08 03:00:30
1458,20,29,32,26.7,47.8,0,0,2021-06-08 02:00:13
1459,19,28,30,26.8,47.1,0,0,2021-06-08 01:00:24
1460,19,27,29,26.9,46.7,0,0,2021-06-08 00:00:05
1461,18,26,29,27,46.5,0,0,2021-06-07 23:00:17
1462,19,27,29,27,46.4,0,0,2021-06-07 22:00:32
1463,19,29,32,27.1,46,0,0,2021-06-07 21:00:17
1464,19,28,31,27.2,45.5,0,0,2021-06-07 20:00:26
1465,16,22,24,27.3,44.8,0,0,2021-06-07 19:00:14
1466,14,20,21,27.5,44.3,0,0,2021-06-07 18:00:16
1467,13,19,21,27.6,44.6,0,0,2021-06-07 17:00:22
1468,11,16,17,26.8,43.5,0,0,2021-06-07 16:00:33
1469,12,17,20,27.2,44.9,0,0,2021-06-07 15:00:26
1470,13,19,21,27.1,42.9,0,0,2021-06-07 14:00:33
1471,15,22,24,26.2,53.2,0,0,2021-06-07 13:00:17
1472,16,25,27,24.6,50.4,0,0,2021-06-07 12:00:16
1473,15,23,26,25.6,48.6,0,0,2021-06-07 11:00:07
1474,10,15,17,27.1,48.2,0,0,2021-06-07 10:00:20
1475,9,13,15,26.5,46.4,0,0,2021-06-07 09:00:22
1476,9,13,14,26.8,52,0,0,2021-06-07 08:00:03
1477,11,16,18,26.5,50.6,0,0,2021-06-07 07:00:15
1478,12,17,19,26.3,50.5,0,0,2021-06-07 06:00:19
1479,12,16,18,26.3,50.9,0,0,2021-06-07 05:00:27
1480,12,18,20,26.3,51,0,0,2021-06-07 04:00:09
1481,13,18,20,26.4,51.1,0,0,2021-06-07 03:00:20
1482,15,21,24,26.5,51.4,0,0,2021-06-07 02:00:33
1483,16,25,27,26.7,51.6,0,0,2021-06-07 01:00:12
1484,18,27,30,26.8,51.5,0,0,2021-06-07 00:00:23
1485,19,29,32,27,50.9,0,0,2021-06-06 23:00:32
1486,20,30,34,27.2,50,0,0,2021-06-06 22:00:17
1487,21,31,34,27.3,48.6,0,0,2021-06-06 21:00:22
1488,22,32,36,27.4,47.8,0,0,2021-06-06 20:00:04
1489,22,32,37,27.5,47.2,0,0,2021-06-06 19:00:20
1490,23,33,38,27.6,46.7,0,0,2021-06-06 18:00:22
1491,23,34,39,27.6,45.9,0,0,2021-06-06 17:00:05
1492,24,35,41,27.6,46,0,0,2021-06-06 16:00:19
1493,25,36,43,27.5,46.1,0,0,2021-06-06 15:00:28
1494,25,38,45,27.4,46.5,0,0,2021-06-06 14:00:10
1495,26,39,47,27.3,47,0,0,2021-06-06 13:00:20
1496,27,41,50,27.1,47.5,0,0,2021-06-06 12:00:32
1497,28,44,54,26.9,48.4,0,0,2021-06-06 11:00:13
1498,30,48,60,26.5,49.6,0,0,2021-06-06 10:00:24
1499,31,50,64,26.2,50.4,0,0,2021-06-06 09:00:29
1500,32,52,67,26.1,50.9,0,0,2021-06-06 08:00:16
1501,32,53,67,25.8,51.9,0,0,2021-06-06 07:00:23
1502,32,54,68,25.7,52.3,0,0,2021-06-06 06:00:29
1503,33,56,70,25.7,52.2,0,0,2021-06-06 05:00:06
1504,34,60,73,25.7,52.2,0,0,2021-06-06 04:00:14
1505,36,64,75,25.7,52.2,0,0,2021-06-06 03:00:23
1506,37,65,76,25.7,52.3,0,0,2021-06-06 02:00:32
1507,37,64,75,25.5,52.7,0,0,2021-06-06 01:00:05
1508,34,57,70,25.8,50.7,0,0,2021-06-06 00:00:18
1509,30,48,61,25.8,49,0,0,2021-06-05 23:00:15
1510,26,41,51,26,46.9,0,0,2021-06-05 22:00:27
1511,19,30,33,26.2,42.8,0,0,2021-06-05 21:00:09
1512,19,28,31,26.4,42.2,0,0,2021-06-05 20:00:23
1513,19,29,32,26.6,42.8,0,0,2021-06-05 19:00:34
1514,20,30,34,26.6,43.1,0,0,2021-06-05 18:00:16
1515,21,33,38,26.7,43.9,0,0,2021-06-05 17:00:21
1516,22,34,40,26.7,44.6,0,0,2021-06-05 16:00:33
1517,23,36,44,26.6,46,0,0,2021-06-05 15:00:17
1518,25,40,51,26.6,48.9,0,0,2021-06-05 14:00:08
1519,25,41,51,26.4,48.9,0,0,2021-06-05 13:00:21
1520,23,38,46,26.3,47.5,0,0,2021-06-05 12:00:18
1521,19,29,33,26,47.9,0,0,2021-06-05 11:00:26
1522,17,27,30,25.6,47.6,0,0,2021-06-05 10:00:02
1523,14,23,27,24.9,47.3,0,0,2021-06-05 09:00:16
1524,16,27,30,24.6,45.8,0,0,2021-06-05 08:00:27
1525,12,18,20,24.6,42.5,0,0,2021-06-05 07:00:16
1526,11,16,18,24.6,42.1,0,0,2021-06-05 06:00:19
1527,11,16,18,24.6,42.1,0,0,2021-06-05 05:00:32
1528,11,17,18,24.6,42,0,0,2021-06-05 04:00:18
1529,13,19,21,24.7,42.5,0,0,2021-06-05 03:00:17
1530,15,24,27,24.8,44.4,0,0,2021-06-05 02:00:31
1531,16,25,28,24.6,44.7,0,0,2021-06-05 01:00:04
1532,16,24,26,24.6,44.7,0,0,2021-06-05 00:00:15
1533,16,24,26,24.7,43.4,0,0,2021-06-04 23:00:28
1534,14,21,23,25,42.5,0,0,2021-06-04 22:00:11
1535,13,19,21,25.3,41.4,0,0,2021-06-04 21:00:24
1536,11,15,17,25.6,39.4,0,0,2021-06-04 20:00:04
1537,9,13,15,25.9,38.6,0,0,2021-06-04 19:00:20
1538,8,12,15,25.9,41.8,0,0,2021-06-04 18:00:16
1539,8,10,12,26,40.1,0,0,2021-06-04 17:00:27
1540,8,11,12,26.1,39.6,0,0,2021-06-04 16:00:05
1541,9,12,14,26.1,39.3,0,0,2021-06-04 15:00:28
1542,11,15,16,25.9,40.9,0,0,2021-06-04 14:00:34
1543,12,16,17,25.4,43.3,0,0,2021-06-04 13:00:07
1544,14,17,18,25.8,45.6,0,0,2021-06-04 12:00:05
1545,13,17,18,25.8,46.7,0,0,2021-06-04 11:00:34
1546,14,17,19,25.6,47.4,0,0,2021-06-04 10:00:22
1547,14,18,19,25.3,47.1,0,0,2021-06-04 09:00:03
1548,13,17,18,25.1,47.3,0,0,2021-06-04 08:00:15
1549,6,8,9,24.8,50.3,0,0,2021-06-04 07:00:18
1550,5,7,7,24.8,51.2,0,0,2021-06-04 06:00:30
1551,5,6,7,24.9,51.5,0,0,2021-06-04 05:00:13
1552,6,7,7,25,51.6,0,0,2021-06-04 04:00:22
1553,6,8,8,25.1,51.6,0,0,2021-06-04 03:00:03
1554,7,8,9,25.3,51.5,0,0,2021-06-04 02:00:20
1555,8,9,10,25.4,51.9,0,0,2021-06-04 01:00:03
1556,8,10,11,25.3,52.1,0,0,2021-06-04 00:00:19
1557,9,11,12,25.5,51.4,0,0,2021-06-03 23:00:02
1558,13,17,18,25.9,52.4,0,0,2021-06-03 22:00:16
1559,17,23,24,26,53.3,0,0,2021-06-03 21:00:28
1560,22,32,35,26.3,55.1,0,0,2021-06-03 20:00:14
1561,24,34,40,26.4,55.3,0,0,2021-06-03 19:00:23
1562,25,37,44,26.6,55.6,0,0,2021-06-03 18:00:02
1563,27,41,49,26.7,56.4,0,0,2021-06-03 17:00:18
1564,27,41,50,26.3,59.7,0,0,2021-06-03 16:00:09
1565,28,43,52,23.8,69,0,0,2021-06-03 15:00:22
1566,26,39,46,25.9,61.5,0,0,2021-06-03 14:00:06
1567,20,28,30,25.8,50.2,0,0,2021-06-03 13:00:30
1568,16,21,23,26,47.6,0,0,2021-06-03 12:00:12
1569,13,17,18,25.9,46.7,0,0,2021-06-03 11:00:34
1570,16,20,22,26.6,47.6,0,0,2021-06-03 10:00:24
1571,19,26,27,26.6,48.8,0,0,2021-06-03 09:00:04
1572,22,31,34,26.6,50.4,0,0,2021-06-03 08:00:05
1573,22,31,35,26.4,51.3,0,0,2021-06-03 07:00:20
1574,22,30,34,26.3,52.1,0,0,2021-06-03 06:00:28
1575,20,27,29,26.3,51.6,0,0,2021-06-03 05:00:04
1576,20,27,29,26.4,50.7,0,0,2021-06-03 04:00:17
1577,20,27,29,26.5,49.6,0,0,2021-06-03 03:00:21
1578,21,29,31,26.6,48.4,0,0,2021-06-03 02:00:18
1579,21,29,31,26.7,47.3,0,0,2021-06-03 01:00:30
1580,21,28,31,26.7,46.4,0,0,2021-06-03 00:00:17
1581,22,30,32,26.8,46,0,0,2021-06-02 23:00:16
1582,22,31,34,26.8,43.9,0,0,2021-06-02 22:00:25
1583,24,34,39,26.9,41.2,0,0,2021-06-02 21:00:06
1584,26,37,43,27.1,40.4,0,0,2021-06-02 20:00:16
1585,27,38,45,27.3,40.5,0,0,2021-06-02 19:00:25
1586,27,39,46,27.5,40.3,0,0,2021-06-02 18:00:07
1587,27,37,44,27.6,38.9,0,0,2021-06-02 17:00:25
1588,26,37,44,27.7,38.3,0,0,2021-06-02 16:00:32
1589,27,38,45,27.7,38.5,0,0,2021-06-02 15:00:08
1590,26,37,43,27.6,39.1,0,0,2021-06-02 14:00:23
1591,24,34,40,27.3,40.9,0,0,2021-06-02 13:00:24
1592,25,36,43,27,44.7,0,0,2021-06-02 12:00:07
1593,26,38,45,26.6,47.8,0,0,2021-06-02 11:00:25
1594,29,44,53,26.2,50.6,0,0,2021-06-02 10:00:05
1595,34,51,64,25.9,52.4,0,0,2021-06-02 09:00:02
1596,35,55,67,25.5,53.6,0,0,2021-06-02 08:00:04
1597,34,54,66,25,54.4,0,0,2021-06-02 07:00:14
1598,32,49,61,24.5,54.6,0,0,2021-06-02 06:00:22
1599,31,49,60,24.5,54.1,0,0,2021-06-02 05:00:06
1600,30,47,58,24.7,53.3,0,0,2021-06-02 04:00:10
1601,28,43,53,25,51.8,0,0,2021-06-02 03:00:21
1602,24,35,41,25.1,49.9,0,0,2021-06-02 02:00:30
1603,23,35,40,25.2,49.6,0,0,2021-06-02 01:00:16
1604,24,35,41,25.3,49.8,0,0,2021-06-02 00:00:21
1605,25,39,46,25.4,50.5,0,0,2021-06-01 23:00:25
1606,23,33,38,25.5,48.9,0,0,2021-06-01 22:00:33
1607,22,31,35,25.6,48.1,0,0,2021-06-01 21:00:14
1608,21,31,33,25.7,47.8,0,0,2021-06-01 20:00:22
1609,21,31,33,25.8,47.6,0,0,2021-06-01 19:00:07
1610,21,31,34,25.8,47.5,0,0,2021-06-01 18:00:21
1611,22,33,37,26,47.4,0,0,2021-06-01 17:00:04
1612,24,35,40,26,47.1,0,0,2021-06-01 16:00:21
1613,25,37,44,26.1,47,0,0,2021-06-01 15:00:27
1614,27,41,49,26,47.2,0,0,2021-06-01 14:00:18
1615,28,42,50,25.9,47.5,0,0,2021-06-01 13:00:01
1616,24,34,39,25.7,47.6,0,0,2021-06-01 12:00:33
1617,21,29,31,25.5,47.7,0,0,2021-06-01 11:00:17
1618,17,22,23,25.2,47.9,0,0,2021-06-01 10:00:02
1619,18,24,26,24.6,49.4,0,0,2021-06-01 09:00:05
1620,20,28,29,24.4,50,0,0,2021-06-01 08:00:19
1621,20,29,31,24.5,50.7,0,0,2021-06-01 07:00:28
1622,22,32,36,24.4,51.8,0,0,2021-06-01 06:00:06
1623,22,32,35,24.4,52.5,0,0,2021-06-01 05:00:04
1624,21,30,33,24.4,52.7,0,0,2021-06-01 04:00:19
1625,22,33,38,24.3,53.7,0,0,2021-06-01 03:00:03
1626,23,34,40,24.3,53.9,0,0,2021-06-01 02:00:19
1627,23,34,40,24.4,53.4,0,0,2021-06-01 01:00:32
1628,20,29,31,24.6,51.1,0,0,2021-06-01 00:00:16
1629,20,29,30,24.7,50.5,0,0,2021-05-31 23:00:32
1630,21,29,31,24.8,50.3,0,0,2021-05-31 22:00:11
1631,21,30,32,24.8,50.2,0,0,2021-05-31 21:00:21
1632,21,30,33,24.8,50.3,0,0,2021-05-31 20:00:31
1633,21,30,33,24.9,50.1,0,0,2021-05-31 19:00:20
1634,21,30,32,25,49.8,0,0,2021-05-31 18:00:28
1635,20,28,31,25.1,49.6,0,0,2021-05-31 17:00:13
1636,19,26,29,25.2,49.3,0,0,2021-05-31 16:00:29
1637,18,26,28,25.2,49.3,0,0,2021-05-31 15:00:20
1638,16,23,25,25,49.9,0,0,2021-05-31 14:00:13
1639,14,18,19,24.6,49.9,0,0,2021-05-31 13:00:29
1640,14,18,19,24.4,50.4,0,0,2021-05-31 12:00:20
1641,14,19,20,24.2,51.4,0,0,2021-05-31 11:00:35
1642,16,22,24,24,52.6,0,0,2021-05-31 10:00:32
1643,18,25,26,23.8,53.9,0,0,2021-05-31 09:00:33
1644,20,29,31,23.7,55.3,0,0,2021-05-31 08:00:21
1645,22,33,37,23.5,57.3,0,0,2021-05-31 07:00:16
1646,23,34,40,23.4,58.3,0,0,2021-05-31 06:00:26
1647,24,37,44,23.4,58.4,0,0,2021-05-31 05:00:05
1648,26,39,48,23.4,58.6,0,0,2021-05-31 04:00:14
1649,28,44,54,23.5,58.5,0,0,2021-05-31 03:00:32
1650,28,44,54,23.6,58,0,0,2021-05-31 02:00:13
1651,29,45,55,23.7,57.3,0,0,2021-05-31 01:00:22
1652,29,45,56,23.7,56.6,0,0,2021-05-31 00:00:34
1653,29,45,55,23.8,56.2,0,0,2021-05-30 23:00:17
1654,26,38,47,23.9,53.4,0,0,2021-05-30 22:00:27
1655,26,39,47,24,52.4,0,0,2021-05-30 21:00:07
1656,26,38,46,24.1,51.1,0,0,2021-05-30 20:00:20
1657,19,27,31,24.3,43.8,0,0,2021-05-30 19:00:28
1658,13,18,20,24.4,39,0,0,2021-05-30 18:00:04
1659,12,15,17,24.3,38.7,0,0,2021-05-30 17:00:23
1660,11,14,16,24.2,38.8,0,0,2021-05-30 16:00:16
1661,10,13,14,23.9,39.4,0,0,2021-05-30 15:00:29
1662,9,11,12,23.7,40.5,0,0,2021-05-30 14:00:14
1663,8,10,11,23.5,42,0,0,2021-05-30 13:00:18
1664,7,9,9,23.2,43.2,0,0,2021-05-30 12:00:22
1665,8,9,10,23,44.7,0,0,2021-05-30 11:00:03
1666,9,11,11,22.7,46.8,0,0,2021-05-30 10:00:15
1667,9,12,13,22.4,47.6,0,0,2021-05-30 09:00:19
1668,10,13,14,21.9,48.7,0,0,2021-05-30 08:00:34
1669,12,15,16,21.6,49.2,0,0,2021-05-30 07:00:17
1670,13,17,18,21.4,49.5,0,0,2021-05-30 06:00:29
1671,15,20,21,21.4,49.6,0,0,2021-05-30 05:00:11
1672,16,22,23,21.6,49.9,0,0,2021-05-30 04:00:20
1673,18,26,27,21.8,50.1,0,0,2021-05-30 03:00:29
1674,18,26,27,21.9,50,0,0,2021-05-30 02:00:05
1675,18,25,27,22.2,49.7,0,0,2021-05-30 01:00:18
1676,17,25,26,22.4,48.9,0,0,2021-05-30 00:00:04
1677,15,21,22,22.6,47.4,0,0,2021-05-29 23:00:18
1678,13,18,19,22.7,47,0,0,2021-05-29 22:00:32
1679,14,18,20,22.9,46.7,0,0,2021-05-29 21:00:17
1680,13,17,18,23.1,45.8,0,0,2021-05-29 20:00:28
1681,10,13,14,23.3,44,0,0,2021-05-29 19:00:12
1682,9,11,12,23.5,43,0,0,2021-05-29 18:00:20
1683,8,11,13,23.7,42.5,0,0,2021-05-29 17:00:28
1684,9,13,17,23.8,41.4,0,0,2021-05-29 16:00:13
1685,6,7,8,23.8,40.5,0,0,2021-05-29 15:00:21
1686,6,7,8,23.8,40.7,0,0,2021-05-29 14:00:32
1687,10,12,13,23.8,42.3,0,0,2021-05-29 13:00:10
1688,14,17,19,23.8,43.9,0,0,2021-05-29 12:00:18
1689,17,22,24,23.7,45.4,0,0,2021-05-29 11:00:32
1690,19,25,27,23.7,46.3,0,0,2021-05-29 10:00:10
1691,19,26,28,23.4,47.7,0,0,2021-05-29 09:00:29
1692,18,25,27,23,48.8,0,0,2021-05-29 08:00:15
1693,15,20,22,22.6,49.3,0,0,2021-05-29 07:00:32
1694,14,19,20,22.5,49,0,0,2021-05-29 06:00:11
1695,14,18,20,22.6,48.6,0,0,2021-05-29 05:00:24
1696,11,15,17,22.9,48.3,0,0,2021-05-29 04:00:03
1697,7,9,10,22.9,47.9,0,0,2021-05-29 03:00:16
1698,6,7,8,23.1,47.3,0,0,2021-05-29 02:00:34
1699,10,14,16,23.2,47.9,0,0,2021-05-29 01:00:30
1700,16,23,26,23.4,48.2,0,0,2021-05-29 00:00:19
1701,20,31,36,23.5,48.2,0,0,2021-05-28 23:00:30
1702,22,34,41,23.6,48.5,0,0,2021-05-28 22:00:13
1703,23,36,44,23.7,48.9,0,0,2021-05-28 21:00:30
1704,25,37,45,23.9,48.9,0,0,2021-05-28 20:00:15
1705,23,35,42,24.1,48.4,0,0,2021-05-28 19:00:33
1706,23,34,40,24.3,47.5,0,0,2021-05-28 18:00:16
1707,22,33,39,24.5,46.8,0,0,2021-05-28 17:00:27
1708,23,34,39,24.7,47.4,0,0,2021-05-28 16:00:07
1709,18,27,30,24.7,49.7,0,0,2021-05-28 15:00:20
1710,9,13,14,25,51.9,0,0,2021-05-28 14:00:32
1711,7,9,10,24.2,50.6,0,0,2021-05-28 13:00:12
1712,6,7,8,23.9,53.3,0,0,2021-05-28 12:00:20
1713,7,9,10,23.6,57,0,0,2021-05-28 11:00:14
1714,10,15,16,23.2,53.8,0,0,2021-05-28 10:00:25
1715,14,21,23,23.6,55.6,0,0,2021-05-28 09:00:29
1716,17,27,31,23.4,58.7,0,0,2021-05-28 08:00:07
1717,24,39,48,26.2,47.1,0,0,2021-05-24 10:00:14
1718,24,39,48,25.9,48.6,0,0,2021-05-24 09:00:16
1719,24,39,48,24.7,52.7,0,0,2021-05-24 08:00:09
1720,26,43,53,22.5,57,0,0,2021-05-24 07:53:15
1721,8,9,10,25.6,50,0,0,2021-05-21 17:00:27
1722,8,9,10,25.2,50.7,0,0,2021-05-21 16:23:44